numVotes,averageRating
177,6.8
456,7.2
5470,7.3
1145,7.2
22,5.7
155,6.2
232,6.0
477,7.0
114,7.7
2087,7.7
431,6.6
12,7.3
245,7.2
271,6.8
42,5.7
494,7.1
15,6.4
179,6.7
457,7.1
283,6.5
13543,7.6
301,6.4
151,6.8
1459,7.4
9,6.6
2582,7.5
703,6.7
121,7.0
1053,7.2
187,6.6
99,6.9
1982,7.1
45,6.9
230,6.4
443,7.0
290,6.8
94,7.4
318,7.2
96,5.7
940,7.6
259,6.7
108,6.6
133,7.2
970,6.7
132,6.7
262,7.1
968,6.9
341,7.0
149,6.9
8885,8.2
54,6.7
933,6.9
143,6.5
4553,7.3
242,7.1
61228,8.1
287,6.3
62,6.4
106,6.1
21,5.8
1160,7.5
133,6.1
80,6.6
91,6.8
92,6.9
102,7.5
158,6.9
192,6.8
68,7.2
135,6.6
16,7.2
43,6.8
577,7.3
58,5.7
333,7.0
140,6.4
113,6.4
234,7.1
676,6.9
1567,7.6
7431,7.3
2506,7.1
14882,7.2
70,6.6
4882,7.5
218,6.6
67,6.3
360,6.0
1769,7.5
23,5.3
2605,7.8
61,6.6
3856,7.3
525,6.0
35,5.8
21,6.7
16,5.0
88,6.1
4997,7.4
101,6.7
6245,7.2
128,6.2
1707,7.7
1946,7.8
192,5.9
593,6.0
285,6.5
964,6.5
758,7.5
62,6.5
22,7.1
29,7.3
20679,7.4
96,6.8
92,6.9
109,7.1
134,7.4
72,6.2
482,7.0
77,5.7
696,7.1
62,6.9
9421,7.2
429,7.3
17600,7.7
237,6.1
52,5.9
287,6.6
429,7.2
48,6.3
168,6.5
1272,6.8
550,6.6
263,6.5
1014,6.1
1983,8.3
37,6.6
49,5.7
2101,7.2
664,6.3
740,6.9
17,6.3
93,5.6
178,6.4
25,6.3
191,6.6
1416,7.4
280,6.1
226,7.0
174,7.0
575,6.3
173,6.7
77,6.1
92,6.2
53,6.5
3703,7.5
1434,7.5
140,6.2
3738,7.3
1665,7.6
1977,7.4
155,5.7
48,6.7
81,6.0
283,6.6
141,6.6
963,7.0
374,6.7
2559,7.6
91,6.5
317,6.8
322,5.9
33,6.2
248,6.7
113,6.5
58,6.8
54,5.6
126,6.4
586,7.0
146,6.0
167,6.8
39045,8.1
159,6.6
710,7.3
511,7.4
70,6.0
64,6.2
637,6.9
8121,7.7
936,7.4
201,6.5
372,7.2
8465,7.5
961,7.3
314,7.0
2419,7.5
115,6.1
3267,7.5
81,5.6
1402,7.0
330,7.4
17,4.9
46,6.2
27,5.8
29,5.8
92,6.4
427,6.8
10024,7.7
245,6.6
105,7.0
16,6.2
204,6.1
794,7.4
269,6.6
332,6.9
60,6.0
221,7.3
45,6.5
302,6.8
161,6.8
72,5.7
1039,7.8
561,6.9
674,7.0
8321,7.7
81,6.6
417,6.9
31518,7.9
484,7.3
306,6.8
123,6.3
230,6.7
16,6.0
13,5.9
148,6.2
403,7.1
695,7.2
97,5.5
377,6.6
696,7.3
47,5.7
47,5.7
165,6.8
1604,7.2
98,6.1
3671,7.3
211,6.6
226,5.9
102,5.5
477,7.0
660,6.8
1820,7.3
196,6.4
103,6.4
158,5.9
69,6.4
2477,7.2
1785,7.3
1594,6.4
63,5.8
656,7.1
195,6.7
10975,7.8
427,7.1
727,7.0
1088,7.5
195,7.4
624,7.2
152,6.6
338,6.7
186,6.4
125,7.2
4858,7.2
21301,8.3
365,6.4
20,5.7
132,6.7
18,6.3
105,7.1
257,6.8
71,6.4
499,6.9
126,6.5
1289,7.0
56,6.2
28286,7.9
317,6.7
907,7.0
277,7.2
250,6.7
218,6.8
528,6.5
288,7.6
2604,7.9
1299,7.1
321,6.8
25,6.2
620,6.9
291,7.4
226,6.2
683,6.6
226,6.9
1137,7.4
21,5.1
98,5.9
221,7.2
255,6.5
84,6.0
206,6.5
181,7.0
697,7.2
13846,7.8
265,7.2
19,4.7
1153,7.1
999,7.0
6466,7.7
162,6.4
5704,7.6
587,7.1
298,6.9
251,6.6
1008,6.8
32,5.5
98,6.7
533,7.2
81,5.7
135,5.6
291,6.9
100,6.2
14,6.1
210,6.6
9110,7.2
995,6.9
179,7.1
88,6.5
73,6.4
72,6.0
870,7.4
13,6.0
48,6.3
146,7.1
48,6.3
61,4.9
254,6.5
300,6.1
79,5.6
1037,5.8
1192,6.8
455,7.2
472,6.6
83,6.6
44,5.4
77,5.8
94,7.0
387,6.7
242,6.8
13518,7.9
51,5.8
45,5.7
397,7.4
42,7.4
164,6.6
459,7.0
272,7.0
43,6.0
124,6.9
882,6.2
12,5.2
267,6.1
2241,5.5
1833,7.3
167,5.7
172,5.9
40,5.9
138,5.3
131,6.7
87,5.6
104,7.2
742,6.9
4354,6.9
501,6.6
111,6.2
12805,7.8
475,6.9
447,7.1
601,7.3
219,6.7
374,6.2
110,6.6
756,6.9
31,6.1
239,6.7
6003,7.5
58,5.0
73,4.9
187,6.6
280,7.2
39,5.6
188,6.7
416,5.6
43,7.1
462,6.6
1606,7.2
160,5.8
6266,7.6
579,6.2
13177,8.0
133,5.6
135,6.3
72,6.0
291,5.7
85,6.0
212,6.1
4876,7.6
1649,7.4
45,6.2
6936,7.4
276,6.3
96,6.2
396,7.0
126,6.4
178,5.8
25,7.5
819,6.9
303,7.2
105,6.2
287,6.4
54,5.6
3478,7.0
263,6.0
96,6.8
88,5.8
80,5.6
3456,7.2
197,6.5
942,6.0
110,6.6
33,6.1
205,5.6
469,5.4
465,7.5
48,5.7
143,6.3
411,7.2
34,7.0
5417,7.6
124,6.6
2684,7.2
870,7.8
129,6.8
42,6.6
9528,7.5
410,6.1
78,4.6
679,6.8
39,5.7
322,6.7
304,6.9
185,6.9
70,6.6
144,6.1
58,6.0
154,5.9
48,5.9
133,6.7
305,5.9
38,7.9
87,5.6
28,5.6
248,6.8
205,6.2
739,6.6
11190,7.9
158,5.6
53,5.9
335,5.9
915,7.2
346,6.7
67111,8.1
18,4.9
292,6.9
190,6.0
41,4.9
1917,7.4
8621,7.7
124,6.4
425,6.1
592,6.5
20382,7.3
12422,7.3
212,6.1
20025,7.8
150,6.8
541,5.1
718,6.8
1400,6.0
71,5.9
790,5.4
113,6.1
245,6.6
151,6.3
115,6.2
71,6.6
32,6.0
69729,8.1
76,5.8
4486,7.3
146,5.4
155,5.9
356,6.9
88,5.9
84,6.4
4320,6.1
104,6.2
352,6.9
518,6.8
690,6.7
262,6.3
158,6.5
50,5.7
302,5.8
396,6.6
696,6.7
100,7.0
638,6.8
287,5.8
29,5.2
211,5.8
23,4.5
135,5.8
209,5.9
167,6.8
214,7.2
145,5.8
7016,7.5
13436,7.6
111,4.7
299,6.3
136,5.3
951,6.8
641,7.1
279,6.4
354,5.9
121,4.8
184,6.9
37020,8.1
148,4.5
250,5.1
407,7.4
585,6.3
1121,6.7
172,6.6
146,5.7
155,6.6
181,5.6
23,5.5
6094,7.2
184,6.2
257,6.4
174,6.2
9313,7.1
620,6.1
27,5.2
4369,7.0
155,6.2
222,5.7
63,7.1
1319,7.0
64,6.7
287,6.3
387,6.6
108,5.6
170,5.4
153,6.6
238,6.9
1673,7.7
201,5.4
325,6.4
603,5.7
217,5.2
206,6.1
344,6.6
2172,6.2
609,6.0
9458,6.3
489,5.9
1662,7.4
219,6.7
240,5.7
605,6.0
563,5.5
1831,6.9
444,5.8
2636,6.7
2714,7.6
147,7.0
192,6.1
114,6.4
20,5.8
209,6.1
796,6.7
129,6.5
4357,7.3
25249,8.2
167,6.4
255,5.3
145,6.0
1708,7.4
72,5.7
2301,6.7
352,6.9
647,6.3
365,6.3
786,5.5
930,7.5
102,5.5
30,5.5
537,6.2
57,5.7
117,6.3
75,6.8
1105,6.7
204,6.8
130,6.6
32,6.2
180,6.4
726,6.9
469,5.9
282,6.5
126,6.0
882,7.4
118,5.3
2113,7.2
374,6.9
24381,7.7
1801,7.4
86,6.3
245,6.7
3192,6.6
9100,7.8
52180,8.1
775,7.1
516,6.9
218,6.0
674,6.6
157,5.7
76,7.1
798,7.2
431,6.5
155,6.2
113,6.6
237,6.5
129,5.8
218,6.9
1044,6.2
76,6.1
72,6.2
1717,7.5
38,5.1
127,5.6
242,5.6
854,7.6
28872,7.9
64,6.4
3806,7.1
727,7.1
181,6.5
1198,6.3
57,5.7
132,5.7
756,6.6
1531,6.7
249,4.8
304,6.5
19,4.9
353,5.5
54,4.9
137,5.9
23,5.5
191,6.1
1072,7.4
893,6.7
443,5.5
370,6.6
1110,7.3
854,4.5
1786,7.0
353,5.3
577,7.2
2045,7.1
91,4.1
52,6.4
117,6.8
88,5.3
35,5.6
57,5.6
178,6.0
152,6.7
35,7.5
72,6.4
366,5.8
87,5.3
169,6.2
790,6.1
262,6.3
3247,6.6
211,6.1
178,6.2
685,7.1
756,7.0
177,6.0
100,6.0
359,6.7
52,5.2
481,6.2
248,5.9
640,6.7
5972,7.2
887,6.9
620,6.6
215,6.1
1200,7.0
455,6.2
1088,5.1
78,7.0
1517,6.9
86,5.4
189,5.2
432,6.4
4454,7.5
69,6.2
175,5.9
3263,7.2
194,6.3
2284,6.6
302,6.9
588,7.2
436,6.8
1424,6.5
273,6.1
361,5.6
773,7.1
2347,4.6
1901,7.3
1382,6.8
97,5.0
115,6.2
364,5.9
283,5.7
4640,8.1
36254,7.8
66,3.6
735,7.2
2972,6.6
303,5.5
2614,7.6
488,5.8
276,5.3
1537,6.8
82,6.3
619,6.7
1525,7.0
1418,7.5
143,5.9
67,5.5
12344,7.4
25588,7.6
128701,8.1
384,6.6
2055,6.8
139,5.5
130,6.4
37,6.4
2370,7.2
114,5.9
985,7.0
355,5.0
1278,6.5
317,6.0
20,6.4
104,6.2
1738,7.1
48,6.2
118,7.3
743,6.3
35509,7.6
88439,7.7
1421,6.6
41,4.1
314,6.7
1287,3.2
32858,7.7
506,6.5
995,6.2
1886,7.3
3212,7.2
755,6.1
967,6.3
261,6.2
552,6.5
294,7.1
264,5.9
294,6.2
401,6.9
258,5.5
226,6.0
78674,8.0
445,6.7
1442,6.4
232,6.5
200,6.4
226,6.1
3721,7.7
387,5.1
286,7.1
161,6.7
358,6.3
184,5.0
147,6.3
686,6.3
300,5.1
22,4.8
855,7.1
119,6.6
1186,6.9
2107,6.5
83,5.3
39,5.3
24255,7.9
318,6.9
21,5.8
2732,6.7
310,6.8
8190,7.1
181,5.3
19862,7.7
50,5.3
522,6.1
112,6.8
2484,7.5
79,6.0
72,6.0
21364,8.2
322,6.8
60,5.3
150,4.9
41,5.8
230,4.8
3844,6.9
223,6.7
3776,7.2
20741,7.4
153,5.6
20607,8.5
1464,7.7
233,4.7
2108,7.2
1064,6.9
621,5.2
457,6.3
4585,7.6
6793,6.9
266,5.2
286,6.4
136,6.1
229,6.3
201,6.2
25046,7.6
467,6.1
1539,7.0
166,5.3
146,5.2
214,6.2
701,6.3
546,5.5
72,5.8
166,5.7
311,5.0
1417,7.0
71,5.5
3626,7.5
12549,7.7
4269,5.8
923,6.5
544,6.5
181,6.3
232,7.0
126,5.7
12083,7.7
105,5.7
15,6.0
196,6.5
1653,4.4
281,5.9
241,4.6
226,6.2
774,6.6
173,5.6
3130,7.0
107,6.3
2852,7.4
503,5.6
797,5.9
84,6.2
969,6.2
223,6.4
44660,7.7
73,7.0
55,6.7
5738,7.5
208,5.8
7646,7.5
319,4.8
505,5.5
443,6.1
366,5.3
391,6.2
424,5.6
275,6.7
164,6.1
77,7.7
194,6.7
155,4.6
645,6.5
287,4.2
93,5.8
26,5.2
102,6.4
385,7.0
360,4.7
108,6.1
83,5.7
320,7.1
50,5.8
1548,6.1
418,6.1
194,5.7
472,6.5
641,6.6
243,5.0
72,5.8
565,6.4
19293,7.3
365,6.1
228,5.0
1244,5.5
138,4.9
110,7.3
167,5.9
68,6.1
58,5.0
2466,7.2
142,4.5
164,5.2
98,6.0
102,6.1
5094,7.0
1047,7.0
2969,6.5
132,5.0
423,6.5
27699,7.8
113,5.4
97,5.2
350,5.8
154,4.7
983,6.7
4830,7.8
131,5.9
213,4.6
212,5.3
128,6.0
172,5.8
153,5.4
98,5.4
1004,6.1
1819,6.0
118,5.6
655,5.9
347,6.6
413,5.5
438,6.5
169,6.7
1242,6.4
2266,6.8
480,5.3
453,6.0
122,6.4
616,5.8
253,7.3
515,6.5
94,5.4
268,5.5
1052,7.0
287,6.2
288,6.5
140,6.3
1900,6.8
298,5.5
25,7.1
64,5.4
130,6.7
141,5.8
57,5.4
72,4.5
129,4.9
734,5.5
88,5.5
3664,6.8
85,6.8
676,6.3
658,6.8
1244,5.4
214,5.6
2220,5.7
1079,7.2
652,7.1
869,6.0
3344,7.4
88,4.6
361,5.9
66,5.7
795,6.9
430,6.0
35287,7.8
235,6.6
570,7.0
179,6.6
22265,7.7
125825,8.0
54,5.7
125,6.4
108,6.5
1777,6.5
4257,7.2
30,4.8
97,5.5
25,5.4
3627,6.7
1019,6.1
65,6.1
4279,6.8
2751,7.0
482,7.2
181,6.2
173,5.4
53,4.6
3330,8.0
311,4.8
65,6.1
137,4.7
447,7.2
1269,6.2
945,6.5
88,4.9
107,5.0
36,7.0
981,7.3
157,6.1
140,5.1
2628,6.7
10567,7.8
88,5.1
4703,6.6
29078,7.9
259,6.9
76,5.7
10223,7.2
1400,7.2
887,7.8
2908,7.1
58,6.4
123,5.3
105,5.4
706,6.2
163,6.2
127,5.9
2794,7.4
426,8.0
3771,7.0
130,6.0
4198,7.3
36242,7.4
236,7.4
1828,6.1
176,5.3
693,5.8
2069,6.5
24361,7.6
529,6.9
413,5.7
112,5.2
30,6.5
819,7.0
186,6.2
619,7.2
81,4.9
6638,7.7
14043,7.0
739,6.9
275,7.0
180,5.6
81,7.0
202,7.1
158,7.2
127,6.3
655,7.4
1013,6.2
129,5.7
97,5.1
296,6.2
133,6.5
65,6.3
3063,7.7
3046,6.7
532,6.6
27235,7.6
2022,6.8
76,5.2
118,5.2
222,4.5
1196,5.7
208,7.0
613,6.3
111,5.1
8118,7.3
242,6.2
2839,6.8
203,5.1
17795,7.5
22,4.7
128,4.9
12211,6.9
2729,7.0
128,5.9
13932,7.1
141,5.4
298,4.9
89,5.9
104,5.2
74,5.9
552,6.3
949,6.0
6265,7.0
451,6.7
997,7.0
191,5.2
9823,7.4
241,5.1
105,5.3
293,6.7
2000,2.9
235,4.7
774,6.7
11127,7.4
298,4.1
1795,6.6
138,5.1
57,4.9
535,7.5
288,6.2
365,6.6
176,6.6
16,6.2
1036,6.8
97,5.3
31670,7.8
8466,7.5
334,5.2
534,5.6
60,5.6
76,4.4
656,5.5
102,3.9
930,5.8
427,6.7
645,5.4
3906,7.9
13204,7.1
269,4.3
316,5.1
340,6.6
258,4.9
1144,4.8
428,4.8
80,6.3
125,4.7
192,4.4
2753,6.6
4388,7.1
122,6.2
470,5.5
610,6.0
1835,5.9
13831,7.6
1995,7.4
1931,6.9
3594,6.5
542,6.0
341,6.1
1676,7.3
171,5.1
189,5.2
250,5.5
27790,7.0
1819,6.6
542,6.7
386,6.1
82,5.4
9723,7.6
653,6.3
1377,6.4
625,6.3
1991,6.9
2270,7.2
930,7.2
101,5.1
91,5.6
69,5.5
70,5.3
42,7.3
156,6.4
5051,6.6
110,5.5
286,5.6
1255,6.4
67,5.3
2080,6.4
8342,6.8
115,7.4
439,5.7
192,6.0
14827,7.4
1146,6.9
56,5.3
43,7.2
87,5.7
76,5.1
355,5.7
152,7.1
42,4.1
1320,5.5
91,5.4
323,6.4
638,5.3
429,5.3
479,6.2
85,6.3
67,5.6
144,5.6
685,7.6
603,6.6
1436,6.6
25,6.1
347,6.2
2090,6.5
261,6.3
471,5.9
403,6.3
1402,6.7
228,5.8
37186,7.4
181,6.5
80,5.9
6019,7.4
575,5.2
1148,7.2
45,6.5
324,4.7
638,5.3
195,5.7
55,5.3
486,6.6
681,7.4
392,6.6
19288,7.8
2385,6.2
209,6.4
233,7.1
347,7.1
151,6.2
88,6.6
1146,6.8
339,7.3
324,7.1
130,6.1
11134,6.1
1700,7.5
65,5.7
4007,6.3
147,5.3
540,6.0
85,5.4
190,5.6
48,5.5
55,6.1
726,6.1
5321,7.7
333,5.6
23035,7.7
64,7.3
408,5.9
282,5.7
207,6.3
199,4.7
287,5.8
212,5.6
92,7.2
321,7.1
1297,6.4
647,5.8
816,5.7
8606,6.5
6675,7.9
685,6.1
79,5.0
76,5.5
7946,6.7
390,6.0
73,5.3
39,6.1
8450,6.4
163,5.3
20383,7.9
3802,6.5
2456,7.3
2066,7.6
264,5.6
3182,7.6
112,5.8
17,6.1
2685,7.3
199,5.5
164,5.4
473,5.7
47,6.0
899,7.1
4653,6.2
1654,7.1
202,5.6
175,5.8
188,4.5
70,6.5
17479,7.4
1199,6.6
269,5.7
123,5.9
35,5.5
147,7.2
6128,7.4
255,6.1
833,6.5
460,6.4
5226,6.8
28,5.0
1065,5.1
47,6.3
1713,7.1
523,6.9
1292,6.8
3263,7.5
4363,7.3
84,5.1
869,5.8
1135,2.6
213,7.8
749,6.4
106,5.9
146,5.4
1991,6.0
124,5.0
203,5.1
157,5.9
435,6.2
421,5.7
451,7.6
213,4.4
135,5.8
2133,7.0
125,5.3
12023,7.5
137,6.6
257,6.4
83,5.2
299,4.9
2351,7.3
1632,6.3
11975,6.6
3895,7.0
49443,7.6
315,4.9
226,5.0
1550,6.0
39,3.7
116,5.1
68,4.9
8417,6.9
888,5.5
9896,7.3
549,4.4
2318,6.3
117,6.1
216,5.3
38,4.7
1800,6.0
259,5.6
3070,6.3
266,4.6
418,5.0
211,5.7
29,7.2
6663,6.7
209,5.6
65,6.0
233,5.7
248,6.7
1584,6.5
146,5.7
310,6.3
30,5.4
173,5.5
894,7.3
200,6.2
321,6.7
134,5.5
10258,7.2
38,5.7
1794,5.9
13081,7.7
8866,7.2
1784,6.9
7597,7.5
47,5.1
1501,6.7
329,5.2
120,5.6
4596,6.6
26191,7.8
633,5.4
77,4.4
106,6.2
623,7.1
57897,8.0
389,6.8
1761,7.6
860,7.3
3128,7.1
294,5.9
338,4.8
333,6.2
62,6.6
827,7.0
2321,7.4
1392,5.3
80,7.0
24,5.9
674,6.4
2251,6.9
15873,6.9
77,4.8
2002,5.8
310,5.4
112,4.2
193,6.3
4137,6.7
880,5.5
853,7.3
98,6.2
14535,7.2
15209,7.5
38126,5.9
477,5.8
2404,6.6
705,5.4
432,6.1
706,6.4
3586,6.9
183,4.9
108,6.7
30,5.4
787,7.2
3635,5.1
855,6.4
34,7.5
409,5.7
268,5.0
7260,6.5
12166,7.7
120,4.7
8649,6.8
1917,7.0
2654,5.3
990,6.5
451,6.2
18282,7.7
368,6.5
658,6.1
971,6.8
3494,7.0
2635,6.9
3308,7.1
207,6.9
109,5.8
61,5.5
1513,7.3
544,5.8
833,5.8
200,4.8
531,5.9
305,6.7
1664,6.0
1750,7.1
730,6.3
596,5.1
1959,6.3
703,6.2
149,5.6
630,7.2
614,6.8
113,5.9
3552,6.5
646,6.1
719,5.9
6997,6.4
389,7.0
225,5.1
761,6.8
2432,6.7
2534,7.6
123,6.0
205,5.8
121,7.0
155,7.2
844,5.8
186,5.9
118,6.3
759,6.3
26175,8.1
142,6.8
239,6.2
62,3.5
9456,7.3
41,4.2
266,5.0
4399,6.8
159,5.6
5608,7.4
14,7.5
9238,7.4
136,4.5
210,6.1
1263,6.0
1917,6.9
1009,6.7
42,6.6
961,5.9
2322,7.0
291,6.8
8945,7.5
125,5.4
980,6.9
262,5.4
4507,7.4
464,5.5
1004,6.9
129,6.3
295,6.6
1403,7.5
13,4.2
351,6.7
6684,6.6
365,5.8
155,5.8
798,5.6
468,6.3
1363,5.9
14682,7.8
1774,6.1
1271,6.4
2167,6.6
2564,6.1
3239,6.4
836,7.3
85,5.2
524,6.3
3902,6.6
188,5.7
190,5.6
12965,7.1
3999,6.6
49,4.8
4915,7.6
515,5.7
4365,6.3
7263,6.9
483,5.8
612,5.4
1433,6.3
63,6.8
209,5.7
2211,6.6
2063,6.5
213,6.4
761,6.4
2716,6.6
3083,7.3
186,4.7
1806,5.3
159,7.0
92,6.4
990,7.1
31553,8.2
198,4.7
167,5.6
31,5.9
698,5.8
171,6.4
226,7.1
4109,6.6
422,6.2
4862,7.8
33,8.0
349,5.9
4848,6.8
160,4.4
536,5.6
418,5.8
179,5.8
67,6.4
28433,7.9
92,5.4
253,6.4
3510,6.2
63,6.8
234,6.4
33996,7.9
120,6.3
12286,7.0
139,7.5
10670,7.4
832,4.1
586,6.2
2711,7.5
110,6.4
182,6.0
114,5.7
2267,5.6
13137,6.6
7459,6.5
12604,7.5
4544,7.3
252,7.3
3552,6.2
118,5.7
12,6.1
75,5.9
295,4.6
121,6.1
762,6.1
2761,6.7
165,6.6
46,6.4
5543,6.9
77,5.1
6579,8.5
593,7.0
866,5.8
841,5.6
155,6.6
325,5.1
46,5.1
433,7.2
6493,7.0
103,5.0
40,6.0
157,6.0
120,6.4
211,6.4
121,5.3
1954,7.2
20,5.6
27,5.3
68,6.0
368,5.7
3527,6.3
12903,7.4
214,5.5
712,6.8
76,6.0
1505,6.6
8131,7.4
974,6.9
249,5.7
118,6.7
9992,6.5
256,6.3
63,6.5
386,6.5
26,7.2
2566,6.9
84,5.4
1019,6.5
232,6.5
609,5.6
2443,7.5
2735,4.9
2979,7.0
98,5.6
3114,5.7
548,6.1
5889,7.2
70,5.7
1400,6.4
104,5.4
366,5.9
8038,7.2
266,5.1
222,5.1
1044,5.4
740,6.2
3701,7.1
462,5.0
443,5.2
458,6.1
5853,6.8
641,5.5
1058,6.2
1641,6.6
91,5.9
1671,6.5
3170,7.3
731,6.3
23195,7.4
66,5.7
316,6.0
218,5.4
135,5.2
280,7.1
173,5.8
1340,5.2
3155,7.3
8292,6.3
450,7.1
573,7.3
2237,5.6
1008,6.7
192,4.2
249,6.7
290,5.0
7133,6.5
3761,7.8
359,6.2
138,5.4
10862,6.8
1738,5.8
10912,7.5
61,4.3
763,6.7
82,5.3
10864,7.0
167,5.3
184,5.3
2133,6.9
558,4.3
525,6.7
2217,5.3
273,6.4
760,6.6
281,5.8
1188,6.4
679,5.6
41,5.2
557,6.1
9440,7.6
1968,5.7
902,7.0
322,5.8
54,4.6
1017,4.6
91,5.1
1615,5.6
85,5.9
194,6.2
113,6.3
4508,6.4
3032,6.6
116,5.8
417,4.7
47149,7.8
73,4.7
138,6.3
753,6.6
1644,5.7
79,6.8
869,6.7
3867,7.3
70,5.6
83,4.7
297,6.5
561,6.2
737,5.8
252,4.8
995,6.1
918,5.2
3236,6.5
92,5.9
276,4.9
1702,5.7
365,4.4
885,5.0
345,6.6
762,4.7
129,5.8
9326,7.2
57,6.1
3488,6.4
1392,6.2
181,7.1
130,5.3
659,5.8
187,4.0
47,4.9
382,4.7
916,6.3
6046,7.5
153,5.0
517,5.7
668,6.7
2445,6.7
91,4.2
2202,7.2
8097,6.7
227,6.2
9715,8.6
870,7.1
856,7.0
149,7.9
2671,7.2
370,4.1
377,5.6
71,6.8
2232,6.1
245,5.3
1987,5.9
964,6.3
144,6.3
1516,5.8
1261,6.1
1046,5.7
1228,6.2
1070,6.9
3673,6.3
62,6.1
1667,7.0
3033,6.2
3922,6.5
7576,7.0
528,5.8
84,5.6
75,6.8
287,5.9
124,6.6
2789,6.5
459,6.8
1454,6.4
461,6.0
1265,6.9
284,5.6
30,5.0
128,4.9
941,6.0
533,6.1
3320,6.2
1776,5.1
56,5.9
2097,4.7
14893,7.4
2003,7.3
2787,6.0
1550,5.6
221,6.0
698,6.2
62,5.5
95,4.4
179,4.7
733,5.3
45282,7.8
5080,7.3
292,7.0
608,5.4
497,5.9
815,6.0
1178,5.0
21,4.8
466,7.4
1578,5.1
96,5.3
160,6.8
3555,7.7
1131,6.6
508,6.2
984,7.2
1412,6.2
284,3.9
546,5.7
908,6.3
38,3.7
14842,7.1
469,6.4
1225,6.6
417,4.7
29799,7.3
167,4.5
969,6.7
423,7.5
6358,7.1
2478,6.9
6778,7.7
442,5.6
241,6.2
565,5.3
2065,6.9
24943,8.0
52,6.1
365,3.7
4215,6.7
419,5.4
37377,7.7
1126,6.9
128,6.9
91,5.4
1334,7.1
93,7.3
222,6.9
530,5.8
85,5.8
1499,6.5
398,4.3
323,6.0
1553,7.4
668,7.2
480,5.5
181,5.4
93,4.3
155,5.1
342,4.2
39,7.5
88,6.2
568,4.6
1753,6.9
1792,6.1
58796,6.9
265,6.0
20,4.5
503,6.0
4526,5.5
6121,7.7
995,5.8
72,7.3
503,5.6
97,4.7
142,6.0
131,5.5
94,6.2
70,6.6
211,6.7
741,5.5
6706,6.1
2465,6.3
286,6.4
41,4.5
508,6.3
447,4.5
471,4.9
702,6.1
170,5.8
37,4.7
5538,5.6
6431,7.2
2020,7.6
1631,5.9
73,5.0
167,6.9
58,5.7
1064,7.3
183,5.7
63,5.7
11160,5.2
17284,7.8
513,6.1
264,6.9
9137,6.7
1228,5.7
7036,5.8
2026,7.3
1211,6.3
1229,6.3
5237,7.4
1301,7.3
248,5.6
395,6.7
2856,7.1
483,6.4
896,7.1
145,5.2
3039,6.7
123,5.5
7757,7.6
4283,6.9
1591,6.4
102,6.3
131,5.4
1459,7.2
67,4.9
510,6.8
1543,6.4
2087,6.8
1133,6.7
18,5.6
140,6.8
224,4.9
1816,6.0
448,7.1
215,6.1
1003,6.6
4995,6.3
810,5.4
18,5.8
639,5.4
1769,7.0
4105,6.6
492,5.6
934,6.7
223,4.8
367,5.5
139,6.1
2527,6.5
1318,6.0
183,6.2
6498,6.0
204,5.4
3553,5.7
961,6.0
814,7.0
934,6.2
53,5.3
247,6.1
749,6.3
390,5.6
10014,7.1
434,6.2
2706,7.3
150,6.4
81,5.5
154,5.3
4310,6.4
1871,6.8
487,5.3
181,6.5
453,6.5
155,4.4
1624,8.1
130,7.0
6260,6.1
292,4.0
5394,5.7
139,5.3
229,5.3
467,6.6
292,4.4
1157,6.3
1792,6.7
1705,6.3
243,6.1
152,4.4
99,4.8
19238,7.6
306,6.5
203,4.8
3763,4.8
3713,7.1
18430,7.7
2959,6.9
360,4.3
380,6.7
5902,6.2
62,5.1
9032,7.2
6942,5.3
120,3.5
296,5.9
49,6.6
350,6.6
4698,7.0
1836,6.4
2620,6.1
2408,6.8
53,6.6
2349,5.9
14226,7.5
687,5.7
410,5.4
2340,7.3
2285,7.2
475,5.6
1903,5.9
84,6.0
1064,6.2
435,6.3
4347,6.9
26423,7.5
364,5.5
2401,6.9
1499,6.1
66439,5.8
2152,6.5
1626,7.6
628,6.2
1387,5.0
259,3.6
746,7.2
254,5.3
286,6.9
53,5.3
135,5.7
4898,7.5
536,5.3
592,5.3
27442,7.6
66,6.5
23057,6.6
12409,7.2
1268,6.7
2480,6.5
264,6.5
219,6.7
513,6.3
6429,7.6
737,6.1
828,5.9
98,7.9
1293,8.2
648,6.0
381,6.7
2815,7.3
496,4.6
4775,7.2
77,5.5
678,6.1
119,8.0
388,6.0
2439,6.6
46,5.5
2663,7.5
1311,6.6
1815,6.9
630,3.7
306,6.7
1426,6.9
1472,6.4
1477,5.9
186,6.4
48,7.4
267,5.3
196,6.3
4303,7.4
1196,7.5
6383,7.4
18200,7.0
47916,7.6
167,5.9
922,6.6
196,5.1
336,6.7
955,5.2
3067,7.0
2446,6.5
1650,7.2
387,8.5
357,7.2
60,6.6
9004,7.5
1144,7.0
1806,6.7
732,6.7
1852,6.7
882,6.1
240,5.7
393,6.6
2085,6.9
145,5.6
167,4.5
5059,5.4
258,6.5
296,6.2
178,7.3
550,4.0
34,5.4
1561,7.5
1511,6.4
191,5.1
646,6.1
348,6.2
3041,6.5
516,6.3
18842,7.4
3227,6.5
216,6.1
20,5.3
2466,5.3
462,6.5
229,4.5
1294,4.4
24985,7.8
1390,6.3
930,7.0
3046,7.4
359,6.4
4795,7.1
1646,7.0
676,6.6
55,3.4
1406,6.9
1118,7.9
745,5.7
946,7.3
392,5.7
951,6.4
7375,7.4
114,6.3
813,7.2
156,5.4
96,3.9
1162,6.2
1425,7.8
675,4.8
1749,7.2
906,6.6
215,5.0
74,5.6
2591,6.8
2883,7.3
1296,6.8
155,5.2
175,5.7
180,6.4
112,6.9
12,7.0
1596,6.2
302,6.9
292,4.8
270,5.3
1147,6.7
554,3.4
641,6.3
690,6.4
666,6.5
2369,7.0
2595,7.4
435,7.3
99,5.8
34,6.6
172,6.6
513,5.1
241,7.1
274,6.5
352,6.2
5014,7.0
201,5.7
115,5.9
558,6.9
486,6.5
2213,6.9
79,3.6
489,4.7
101,7.1
126,6.3
7751,6.7
11999,7.2
1406,6.4
435,6.2
3334,6.9
171,5.5
653,6.4
81,6.4
143,6.1
213,7.3
153,4.1
225,5.6
2071,4.0
5244,6.8
173,6.5
3126,6.5
34,6.6
73,3.8
1216,7.4
255,5.0
372,6.0
188,4.6
1193,6.9
274,4.3
255,4.1
1622,6.5
663,5.8
68,6.6
7592,6.9
893,7.6
337,5.7
317,6.5
1579,6.9
2773,6.1
92,5.9
422,7.4
381,5.4
12989,6.5
4327,7.0
93,6.1
2144,7.3
253,5.6
385,6.5
194,6.4
351,4.9
557,6.3
584,4.8
407,6.4
496,5.8
131,6.0
833,6.7
165,6.3
2544,7.1
2659,6.4
4201,6.4
185,5.4
195,5.7
153,5.9
7571,7.0
5215,6.6
1048,7.6
242,6.2
726,7.3
25894,7.5
37,3.9
9185,7.4
6552,7.2
181,4.5
729,5.5
582,6.7
1101,3.4
238,6.2
317,6.0
251,6.4
302,6.2
621,6.1
928,6.4
122,6.8
2273,7.2
451,6.1
2771,7.7
495,5.2
488,6.6
57,7.5
1321,7.6
815,5.4
702,6.8
680,6.4
382,6.0
3576,6.0
502,6.9
859,5.8
9525,6.3
380,6.0
309,6.0
2519,5.9
233,5.1
483,6.1
885,5.2
4623,7.8
1365,5.6
6521,7.4
406,5.7
1375,7.1
64,5.7
109403,6.2
82,6.1
147,5.7
217,6.2
40993,7.4
51,5.3
1465,7.4
1002,6.9
82,4.3
315,7.2
177,7.0
80,6.4
235,5.6
5586,7.7
550,6.9
3976,6.6
625,5.0
1223,6.5
42,4.1
3547,7.3
18419,7.3
624,5.2
99,6.3
60,3.5
218,7.2
510,6.3
332,6.1
371,7.4
18381,7.3
847,6.2
56,5.3
1980,7.4
1624,3.5
2249,5.8
177,5.7
8182,6.9
503,5.7
135,3.7
157,5.9
3151,6.6
15933,7.3
114,6.6
143,7.1
118,7.0
5229,7.5
137,5.2
25,6.2
26,6.9
240,5.6
114,5.0
2184,6.2
349,5.6
534,5.8
190,6.2
3610,3.1
3722,6.6
280,5.5
151,5.6
491,2.8
6915,7.6
3489,6.6
1147,7.4
355,4.8
2121,5.5
96,6.3
1008,6.2
964,5.3
169,6.6
665,6.6
180,6.0
192,5.3
539,6.1
4232,6.5
435,5.5
1337,6.7
2193,5.4
1850,7.1
2047,6.3
1491,7.4
218,6.9
738,6.6
330,6.2
734,7.0
166,3.1
414,6.7
57,5.1
436,5.8
190,5.4
676,5.3
3810,7.0
3747,6.9
129,3.3
10668,6.7
2576,6.8
488,6.1
342,5.7
118,4.6
2043,6.9
438,7.2
10719,7.3
6771,7.4
88,6.1
724,6.8
1794,7.0
330,5.2
14380,7.1
1498,6.1
1295,6.9
1092,6.7
470,5.9
247,4.3
155,5.4
1139,6.7
837,6.7
8903,7.2
125,4.5
1755,5.4
979,7.1
5445,7.6
787,5.8
24303,7.3
190,5.9
549,5.0
1138,6.4
378,5.5
3386,5.1
526,5.6
979,6.5
3899,7.7
1161,5.9
989,7.0
173,6.3
651,6.4
324,6.3
64,5.1
1027,7.2
1314,6.6
290,4.4
1353,6.8
44003,7.3
2083,6.4
17427,7.4
113,5.5
1917,6.2
163,6.8
178,3.8
160,6.1
9646,6.5
1630,4.9
84,5.6
960,4.7
172,4.8
142,4.3
1018,2.5
909,6.1
1803,7.1
674,5.5
166,6.0
132,5.8
259,6.4
597,6.8
2774,7.3
1486,6.3
450,5.3
647,7.2
817,4.4
410,5.9
426,4.3
4198,6.6
690,4.4
156,5.8
1338,6.5
1813,5.9
1350,6.3
172,5.6
5259,6.2
735,3.6
1581,6.6
1078,5.7
7803,7.4
1781,5.8
251,6.2
302,6.1
67749,8.1
1283,7.1
174,6.2
8408,6.2
155,5.3
1065,4.6
131,5.9
1320,6.7
372,7.2
3266,6.7
85,5.9
186,6.2
544,6.4
113,5.2
256,5.4
142,4.2
6223,7.3
1073,7.3
2578,5.8
2838,6.9
246,7.1
185,4.3
2552,7.2
313,6.1
84,5.4
482,6.6
1207,6.6
2858,6.2
949,6.0
1402,6.8
10537,7.5
393,5.5
7606,6.6
4860,7.4
575,3.4
216,3.3
12207,7.8
3649,6.9
6296,7.8
1041,6.9
1164,7.1
881,5.9
380,5.1
1624,6.8
1004,4.6
14584,8.0
501,6.4
27,6.6
230,4.7
617,6.5
917,6.2
266,6.1
12004,7.4
317,4.4
284,6.0
573,7.1
147,3.4
3055,7.6
1431,6.3
224,6.5
512,4.4
1225,4.6
338,3.9
1212,5.8
69,5.0
599,6.5
133,5.7
6765,6.9
2280,7.0
295,5.7
748,6.1
6597,6.7
35,6.3
413,5.9
1743,3.4
705,6.5
685,6.7
305,7.2
131,4.3
1163,5.9
126,5.4
159,4.8
85,4.6
123,4.7
827,6.3
37,6.4
234,5.4
963,6.6
303,6.6
214,5.3
67,5.4
282,5.0
285,7.1
411,6.5
1550,5.9
3507,6.4
263,6.0
615,6.5
198,6.5
4774,2.1
135,6.0
3414,6.7
10639,7.3
140,6.4
103,5.9
1164,4.6
132,6.5
4550,6.3
164,3.4
551,5.4
1029,7.3
894,6.0
42,3.6
737,6.3
61,4.8
332,5.4
187,3.8
852,6.1
2991,6.7
3170,7.3
118,5.7
838,3.6
634,6.2
2612,2.7
73,6.1
665,6.8
95,5.7
1254,6.2
7547,7.2
232,5.7
183,6.2
7306,7.1
140,4.7
5446,7.2
100,5.6
304,5.8
122,3.9
658,6.9
1177,6.7
1451,5.6
40,5.1
679,6.8
756,6.3
62,5.9
349,5.4
118,6.7
207,5.9
576,6.3
516,4.4
4051,6.9
354,5.8
1727,7.4
58,4.9
739,6.5
1502,6.6
134,4.1
6792,7.5
195,6.6
51,4.8
334,6.0
892,6.9
1788,6.4
1117,6.3
452,4.6
399,4.5
464,5.7
249,5.3
308,4.7
369,6.9
459,3.6
92,4.7
43,5.1
2968,6.2
171,6.3
1378,6.0
778,6.8
59,6.1
139,5.3
139,4.1
1618,6.6
59,5.9
131,7.9
2296,6.1
281,4.4
1172,6.4
5441,7.3
73,5.9
120795,8.1
449,5.1
356,6.3
3338,5.2
759,5.4
435,5.0
159,6.0
195,4.7
355,5.3
5022,7.2
491,5.8
625,5.3
3776,2.8
144,4.9
307,5.1
118,5.4
1198,6.4
254,5.9
559,5.2
107,4.8
217,6.7
338,3.7
8,4.2
2197,6.5
3149,7.4
131,4.5
845,4.8
239,6.7
518,6.1
192,4.9
1004,4.7
92,4.5
383,6.2
594,6.1
178,4.5
1236,7.0
1406,6.0
384,5.9
75,6.2
32,6.3
10575,6.8
335,6.5
1490,5.7
908,4.7
200,4.9
263,6.0
2370,5.7
2145,6.9
300,6.9
30,4.7
408,5.7
120,4.4
153,4.0
297,4.8
815,4.7
274,6.9
121,5.6
405,6.5
3760,6.4
146,7.0
199,4.7
237,4.5
303,4.6
59,5.1
456,5.9
162,4.1
156,5.7
84,5.3
751,6.1
342,3.6
450,6.7
965,5.6
91,4.9
324,4.7
1260,5.6
3025,6.5
2249,6.5
1824,6.8
237,6.1
137262,8.2
3086,6.4
723,5.1
304,6.3
300,5.3
13890,7.6
956,5.5
10654,8.7
191,6.9
821,6.6
144,5.1
16451,6.5
697,7.2
93,5.3
467,6.9
217,4.6
263,6.2
3966,6.6
24,7.1
567,5.9
138,7.1
441,5.0
104,6.3
55,6.9
116,4.3
217,5.7
90,6.7
5916,7.4
963,6.3
23490,7.3
3567,7.5
47,5.8
236,4.8
353,3.8
455,6.8
2095,6.7
12578,7.1
383,6.3
80,7.6
298,5.3
74,6.2
463,4.6
822,5.5
134,5.2
575,5.3
558,5.5
202,4.9
711,5.4
1876,5.7
190,6.2
4449,7.9
457,6.3
354,4.5
572,6.2
86,6.7
316,6.7
25,5.0
488,5.1
7954,7.0
5573,7.2
291,4.5
83,5.1
30,5.4
16,5.7
560,5.8
1613,6.5
260,5.7
27688,8.1
64,4.7
89,6.4
739,5.9
39,5.1
211,6.9
1088,6.4
162,5.4
168,5.1
330,6.8
125,7.1
24095,8.0
9409,7.2
1282,6.0
2966,7.2
1850,7.1
414,5.8
84,7.5
66199,7.4
153,6.6
291,6.5
1384,5.7
114,6.3
127,7.1
118231,7.7
211,6.3
174,6.8
671,5.7
31201,7.9
476,5.9
433,6.1
633,4.6
40,4.6
9517,6.0
118,5.7
33,7.4
10619,7.6
857,4.3
291,6.5
83,5.9
221,5.3
199,6.6
1808,5.8
1348,7.1
3634,6.9
660,3.4
1001,7.3
659,5.6
48,3.2
815,5.8
112,6.2
598,6.9
57,5.6
56,4.7
425,6.1
5724,7.5
491,6.4
36299,8.0
23,7.4
261,6.8
22,3.8
35,4.4
407,6.4
82,6.7
113,4.7
73,6.6
51,5.5
337,5.9
30,3.0
1077,6.3
1311,6.6
131,6.0
45,5.9
113,5.1
416,6.4
1140,3.2
341,6.2
5504,5.6
2509,7.4
234,4.7
1778,6.7
1781,7.3
77811,7.9
36,6.9
103,4.7
117,5.5
43,4.9
316,6.3
1565,7.2
147,5.3
209,4.6
2237,6.9
112173,7.7
348,4.6
679,7.2
268,5.6
3070,5.8
339,4.8
1725,6.8
225,6.6
235,4.0
237,6.5
156,5.7
187,6.3
286,6.1
20,6.7
78,6.3
787,6.5
75,5.5
499,7.4
673,6.3
352,6.5
213,3.2
108,4.7
208,4.2
41,5.4
90,7.0
779,6.0
3817,6.7
1075,7.3
1341,7.0
67,4.8
244,6.4
99,7.0
779,5.8
282,6.3
528,6.7
76,5.4
287,4.6
203,5.9
2776,6.9
16,6.2
808,6.5
1407,6.0
75,5.4
94,6.8
1176,6.8
109,6.8
2769,6.7
108,7.1
214,5.7
7437,7.3
540,7.1
48,5.3
4553,7.3
874,6.2
105,6.2
29,5.4
568,4.9
271,3.3
1175,7.2
238,5.7
949,3.2
200,7.0
35,5.6
1845,5.8
181,5.5
58197,6.8
302,5.4
125,6.3
55374,7.5
1610,7.6
2806,6.9
1818,7.0
2201,7.1
5403,7.0
649,7.0
27,6.2
170,5.0
75,6.8
75,6.3
359,6.6
185,5.9
126,4.2
888,5.5
210,6.1
288,6.8
26,5.0
285112,8.5
500,7.0
19189,7.7
325,6.8
181,6.8
60,5.0
71,4.6
123,5.5
87,6.1
1225,7.0
282,5.1
10157,7.9
20,5.8
45534,7.7
247,4.3
283,7.1
1693,6.1
9770,7.9
458,6.2
5814,7.5
956,6.8
104,4.7
621,5.8
208,7.7
4742,6.8
393,5.3
351,6.1
2000,6.6
2361,5.8
1090,7.1
2811,6.4
452,6.8
8862,6.4
1118,6.4
233,6.3
125,6.0
1124,6.3
2350,6.0
167,3.8
357,6.9
378,7.2
964,6.4
64,7.0
1323,7.3
342,4.7
58,5.9
41,5.3
5842,7.1
42056,7.5
934,5.7
124,6.6
350,4.1
1818,5.3
278,6.0
177,6.3
1245,6.4
373,7.3
108,3.7
413,6.1
496,6.3
313,6.2
814,5.4
345,6.2
172,6.9
66,4.3
634,6.8
64,6.4
7574,7.5
92,6.8
28,4.3
37,6.8
189,6.1
1536,6.8
1163,6.7
2225,6.1
3441,7.2
71,3.8
7160,7.5
59,5.2
89,6.2
2824,6.9
209,5.8
530,6.9
1159,5.1
475,5.7
2339,6.8
95,7.1
78,6.8
79,4.6
2064,4.8
246,5.8
3941,5.9
579,6.9
1828,6.9
216,4.3
537,6.1
306,7.9
1870,7.6
218,7.5
604,5.6
1429,5.3
326,6.3
3032,6.7
111,5.4
186,5.6
44,6.3
774,6.9
14356,7.0
287,4.7
273,5.9
2132,7.5
3333,6.3
158,5.5
744,6.2
852,7.2
769,7.1
1047,5.4
252,6.3
218,6.3
69,6.2
373,6.1
59,4.8
90,5.8
43,6.2
424,6.4
125,5.2
13,6.2
919,6.2
59,6.8
213,6.5
104,5.1
5704,7.6
325,6.1
26094,7.5
850,6.9
177,5.6
368,4.0
45,4.7
517,6.2
573,5.6
1071,7.0
67,5.7
536,4.8
803,6.8
28832,6.8
64,6.9
348,6.7
77,5.5
153,6.6
7103,7.6
25970,6.3
489,5.5
23743,6.7
17580,7.6
7725,7.2
1253,5.1
584,6.0
47,4.3
811,6.5
135,5.8
775,4.8
362,6.1
10423,7.1
171,4.4
2824,5.9
77,6.2
386,6.1
76955,7.3
988,7.2
524,6.1
3067,6.1
135,6.5
251,3.6
1225,7.4
516,6.7
309,7.0
80,6.5
549,4.4
117,3.9
877,5.8
84,6.8
2237,6.2
1224,6.7
357,5.7
857,7.7
889,7.1
161,4.9
4476,7.7
3743,7.1
2008,7.3
996,5.1
671,6.9
31,5.0
86,5.2
215,5.8
1499,7.0
468,6.5
197,7.1
4219,6.9
131,7.2
276,6.0
234,5.9
1324,5.8
4414,8.0
781,6.9
23651,6.8
15613,7.6
59,6.1
1959,6.6
79,6.5
282,5.5
9478,7.5
730,7.4
11444,6.8
187,6.1
546,7.1
142,5.9
7,8.0
32,5.1
90438,7.5
351,6.3
53312,7.7
360,6.2
84,4.6
546,5.9
139,6.9
23304,7.5
1183,6.2
36,4.6
71,5.0
99,6.7
62,3.6
48293,4.2
3586,6.7
514,6.8
30,7.9
1432,6.8
526,6.9
2022,7.7
54,6.3
10625,6.8
89,5.2
873,5.5
4519,6.6
3647,7.4
1375,6.5
2806,7.5
102,6.3
2916,6.1
180,5.2
389,3.7
66473,7.7
169,6.4
745,6.2
1885,7.5
400,5.1
312,6.4
153,5.9
894,7.0
567,5.7
143,7.5
875,6.6
45,5.7
502,5.3
155,4.7
279,6.5
32,5.8
17559,7.0
1182468,8.6
74,6.3
1842,6.2
6371,7.4
22,6.8
113,5.3
7978,7.5
18,7.0
1409,6.7
3864,7.6
3332,7.1
95,4.8
270,6.4
1191,7.3
436,5.9
211,6.0
32987,6.4
2085,6.9
90,6.3
1012,6.9
47,6.2
73,7.0
16,8.2
563,5.6
59,4.2
248,5.4
46,5.5
420,6.0
25,6.2
601,5.4
220869,7.1
171,6.3
838,6.6
11452,7.1
1762,6.8
122,6.5
615,7.0
62535,7.5
593,7.1
3864,7.9
5655,6.5
323,5.7
6195,7.2
561,6.9
83,4.2
1490,6.8
172,4.9
216,6.7
1094,6.2
472,6.9
176,5.0
56,6.3
270,3.9
251,3.9
20700,6.7
160,6.0
3531,7.7
414,4.3
412,7.3
123,7.8
306,5.1
94,6.8
225,4.2
1355,7.4
770,6.3
4416,7.1
560,6.1
11006,7.0
4478,5.8
37,7.1
2178,7.2
2887,7.6
267,5.9
6825,8.0
180,7.0
531,6.2
42996,7.2
7364,7.4
5983,6.4
3440,7.0
809,6.0
27106,6.0
101,7.0
2428,6.9
150,6.6
981,5.6
492,6.9
56,8.0
10752,7.1
53,6.6
275,5.6
579,5.8
96,3.0
900,6.4
1238,6.1
206,6.5
176,6.2
911,6.5
123,3.7
1067,5.8
665,5.2
51,6.9
646,7.4
75,3.8
889,6.9
147,4.7
3196,6.6
226,5.3
735,7.8
396,6.0
611,5.4
106006,7.3
157,6.5
10712,7.6
96230,6.5
73,4.3
312,6.8
838,7.1
6504,7.6
340,6.1
149,6.0
193,6.4
895,5.3
128,4.1
182,6.3
655,5.8
345,7.0
5811,6.4
51,3.4
1742,6.9
45837,7.2
222,7.0
5375,7.0
242,6.2
23,7.0
887,6.9
140717,6.5
2012,7.1
958,7.2
537,7.0
44,6.8
273,4.0
166,6.9
318,6.3
174,5.9
511,4.0
439,4.7
216,5.7
288,4.2
343,6.8
116,6.3
1185,6.8
133,7.6
83503,6.0
350,6.8
5776,7.1
563,6.8
15182,6.8
133,6.5
25121,6.9
493,6.6
3905,6.1
868,7.1
846,7.2
723,7.4
210,6.5
464,6.6
196,6.4
428,6.3
15135,6.5
2154,8.1
1761,5.6
29,4.3
171,6.7
18044,6.1
303,6.2
124,6.6
2246,6.9
3063,8.0
212,5.9
425,5.2
283,7.1
393,6.7
277,6.8
10151,7.3
1176,6.1
500,6.9
152,6.6
318,7.1
7006,5.8
34,5.7
349,7.2
6962,6.5
18886,7.1
374,7.6
284,6.0
95724,7.5
23,6.2
137812,6.7
48,5.5
248,6.9
1315,5.2
1942,7.3
1089,4.7
23342,6.3
151,6.9
1375,6.2
33,5.8
419,5.4
46,5.3
280,6.2
331,5.6
833,6.1
313,4.6
111243,7.8
243950,7.9
908,6.3
210,6.5
1551,7.3
252,6.9
38214,7.0
13,7.5
2784,5.7
103,6.6
1131,7.9
11,5.2
124,7.0
229,6.2
156,6.4
543,5.8
233,6.1
8409,5.9
422,6.3
233,4.6
500,5.5
281,6.2
126,6.4
9278,7.2
588,5.3
10510,7.5
2087,6.9
76,6.3
42,6.2
26998,7.2
23600,7.1
14,6.8
112,6.8
338,7.7
2259,7.0
408,5.8
86,4.0
57,7.0
6509,7.0
2829,7.7
59,6.3
7399,6.8
54,6.1
99,5.0
4323,7.4
3613,5.8
14712,7.5
1083,7.3
3584,6.1
2030,6.4
156,5.7
104,4.5
22238,4.4
9,5.7
141,5.3
1388,6.8
806,7.1
91,6.6
128,7.2
60,7.1
237,7.1
21485,6.4
459,6.4
2384,7.4
314,6.4
602,7.0
1254827,8.5
751,5.4
134,6.0
193,5.5
1063,7.1
1138,6.5
215,7.3
124,5.6
11426,7.3
26,6.1
41971,7.2
11770,5.5
636,5.7
347,5.3
3156,5.8
1624,7.4
338,5.2
179,6.7
277,6.3
1189,6.4
228,6.4
1582,7.3
236,6.8
192,5.5
39268,7.8
155,6.5
15935,7.9
295,6.2
109,5.3
2483,5.4
305,5.5
12643,7.5
3319,7.2
149,6.4
1344,6.5
19083,7.4
6687,7.3
1118,7.4
697,5.6
206489,7.0
1154,6.9
153,5.5
3408,6.3
21,4.1
110634,8.1
78,7.0
80165,7.6
4702,5.6
57,7.2
1108,7.3
2722,5.7
16409,7.8
5194,7.3
613,3.9
198,6.5
861,6.8
33,7.4
4630,7.4
424,6.3
10159,7.7
470,5.6
260,5.7
488,5.7
125,4.9
3557,5.9
69,7.7
1136,7.0
2413,6.8
88548,6.3
356,6.8
529,7.3
2999,7.0
14276,6.5
5797,6.8
568278,8.2
7561,7.8
1917,6.5
71946,7.5
1402,7.2
1084,5.9
40,7.2
18,6.1
13682,6.4
30797,5.7
5565,7.2
13953,7.5
939,5.1
312,5.9
18057,6.1
45449,5.8
444,5.6
2200,6.6
56,6.1
40,6.7
53,7.4
320,6.9
1978,6.7
155,6.4
12861,7.0
19666,5.1
646,6.6
5383,6.4
3364,6.5
63410,6.9
198639,8.1
1118,4.5
712,7.3
6420,7.0
5579,6.6
3210,5.7
115,4.1
135611,7.5
3362,6.9
4129,7.4
30872,7.3
89,6.6
590,6.4
5103,7.2
317,6.0
167,6.3
6246,6.4
647,6.9
112,6.2
13707,6.5
226,6.3
249,5.0
2525,7.2
66,5.6
303,6.5
2098,5.4
185,5.1
1013,7.0
640,6.9
75305,5.1
737,6.9
1363,4.8
12175,7.5
16848,6.5
7477,7.2
295,5.0
1522,7.1
872,6.3
61510,8.0
1401,6.2
577,7.4
7482,7.6
5205,5.3
750,6.4
6053,7.1
3832,7.0
31,5.6
188,7.1
6325,5.2
672,6.1
1477,7.1
70,7.3
5067,6.7
1798,6.5
191,6.1
15984,7.3
802,5.2
1893,8.0
1475,6.7
135,6.2
5583,7.2
4064,7.1
610,6.7
71959,7.8
363,7.0
798,6.6
1555,4.5
282,6.0
2459,7.2
337,6.6
3626,6.9
298,7.1
866,6.9
54,5.7
199,7.0
335,5.8
1714,6.7
10166,7.6
181,6.7
506,7.1
230,6.0
298,3.2
454,5.3
803,4.9
19,4.9
1174,6.1
3688,6.9
99,4.1
1083,5.9
669,4.5
753,6.1
10123,7.5
9844,7.0
4848,6.0
10252,6.8
11,5.1
9209,7.6
16267,7.7
951,7.0
121,5.6
154187,7.6
759,6.2
339,6.0
196,6.0
111,5.8
11708,7.9
39,6.0
823,6.7
1735,6.3
617,7.3
146,6.7
4454,7.8
1897,6.9
541,7.5
546,6.2
295,5.8
564,5.5
1234,5.7
93,6.7
629,5.3
4788,7.5
504,5.8
2108,7.2
8562,7.7
258,5.7
1981,5.8
599,6.7
58,8.3
140,6.2
8212,7.3
314,5.9
2423,8.1
47608,8.0
33,7.0
30635,6.5
1705,5.9
147,6.4
476,6.4
1059,6.6
93,6.8
1844,6.5
1560,6.8
825,6.0
5536,7.4
2397,5.9
3293,7.2
2688,6.8
2361,6.5
187,5.5
2285,6.7
231,5.4
894,7.0
885,6.2
51,4.7
211,5.9
100,5.2
27155,5.1
55,5.6
3644,6.9
41880,6.7
2237,6.4
92,6.0
212,3.6
3252,6.4
572,6.6
244,5.8
168430,8.1
393,5.1
2868,5.4
3875,6.9
223,5.6
2771,7.0
277,6.1
28,3.7
6288,7.1
33847,7.3
632,7.0
2007,6.3
56632,8.0
3615,6.2
425,6.7
181,6.5
49,5.3
1145,6.6
200,6.3
4809,6.3
634,6.9
146,5.1
18859,6.5
203,5.5
800,6.8
344,4.7
44598,7.6
242,7.2
5201,5.6
185,4.5
766,7.2
510714,7.6
86,6.1
103,4.8
308,6.2
952,6.4
2906,5.8
767,6.2
1866,6.1
514,5.6
60299,7.3
1912,7.1
232,6.7
184,6.7
124791,6.4
82,6.0
784,7.2
1178,1.9
26040,5.2
558,6.2
99,7.2
2204,6.2
67203,6.8
2674,6.0
4773,3.0
1436,6.6
2505,5.8
850,5.6
9054,7.5
71,6.2
79,5.2
1743,6.9
1481,5.9
3214,7.2
211,5.3
64,5.3
275,5.1
217,7.6
1164,6.8
69,5.8
7085,6.1
10385,6.5
4493,7.3
1744,6.8
107,6.7
477,6.9
4293,6.3
2641,6.2
662,5.8
264,6.4
30214,6.7
396,6.9
895,6.1
2048,5.9
1864,6.1
3030,6.5
257,5.7
24,5.3
2042,7.0
8776,5.9
12836,7.7
405,3.6
22408,6.7
37313,7.7
2480,6.7
442,6.3
389,6.4
206,6.5
426,4.4
721,7.7
55031,6.7
1596,5.1
104,6.4
826,6.9
3541,7.0
7786,7.4
483,7.2
30116,5.0
144,5.7
4925,6.4
1160,6.7
346,6.8
368,4.1
138,5.2
12619,4.1
10081,5.5
3429,7.1
213361,7.1
401,6.4
319,6.1
969,7.0
37454,5.9
400,7.0
18050,6.5
660,5.1
656,7.2
233,6.4
155,6.4
290421,6.6
202,6.6
2497,6.8
72,5.9
13361,6.1
180,6.1
107764,6.8
268,6.0
8410,7.6
60,6.5
19,5.5
142,6.5
250,5.3
137,6.6
327,7.1
128,6.6
818,6.7
52,6.0
196296,7.2
268,4.4
2032,5.6
20,4.8
2220,6.7
81,6.6
520,4.7
705,6.7
57,5.2
54,6.7
11,4.7
419,6.5
67,6.7
5652,7.6
691,7.2
291,6.7
222,4.7
194,5.9
75,5.9
85,5.2
46,6.2
73575,7.7
564,4.3
2311,6.0
190,6.9
579,6.6
64,5.0
387,6.6
591,6.5
6,6.6
453,3.2
225,6.3
25,2.6
84,6.0
18,6.5
122,5.8
192,6.8
337,6.6
117,5.3
257,7.5
31,5.0
98,5.1
18,6.6
249,7.4
66,6.7
1057,6.4
331,7.9
932,6.1
767,5.7
1464,6.6
256,6.7
50,6.5
258,6.6
212,7.5
60,6.4
195,5.2
124,7.3
148,3.9
23,6.8
74,5.5
174,6.9
31,6.0
351,7.0
1266,6.6
257,6.6
123,5.5
1085,5.4
20262,7.6
45586,6.0
210,6.5
141,6.9
267,5.5
4245,5.3
26,5.9
377,6.4
195,6.4
98,5.3
53,6.5
26,4.3
120,7.0
56,6.7
6937,6.0
73,7.0
44,7.1
21,6.1
21,5.5
35,5.2
281,7.3
505,7.5
86,7.2
6282,7.4
12,4.4
77,6.4
43,5.7
161,5.8
20,5.0
24,5.7
51,4.9
25,6.0
237,5.3
24,6.7
2806,6.1
87,7.9
82,6.8
45,6.0
129,5.6
70,6.3
72,6.3
36,5.9
122,4.2
116,5.5
49,5.3
177,6.8
121,5.2
114,5.1
131,5.6
35,4.3
81,5.7
2368,6.8
20,6.9
36,5.5
238,5.3
254,6.9
72,6.6
110,6.0
113,5.4
76,6.6
62,5.4
139,6.7
40,5.6
377,6.9
38,5.6
34,6.0
14,6.6
1373,6.9
50,6.9
23,4.6
176,7.0
411,5.4
42808,8.0
21,6.1
374,7.8
79,6.3
51,6.5
28,5.5
174,5.8
51,4.1
79,5.1
119,4.8
70,7.0
165,6.4
336,5.5
120,5.9
99,5.9
165,6.0
87792,6.6
196,6.7
35,6.0
114,6.8
297,5.4
31,6.4
82,5.2
81,6.6
45,6.5
35,6.0
198662,6.7
28,7.9
16,7.1
16,6.5
17,6.5
25,6.2
25,6.1
68,5.7
1053,7.0
56,5.8
36,6.5
160,6.3
292,6.8
438,6.5
269,5.3
84,7.9
1699,3.5
612,5.9
46,5.1
115,6.2
98,6.3
112,7.7
41,5.6
84,6.4
211,6.5
58,6.4
181,6.4
12,2.6
1562,7.4
17,6.2
9,6.6
18,5.6
18,6.0
89,6.8
179,5.9
714,6.4
21469,6.2
31,4.6
136,5.9
14388,7.5
2047,6.4
834,6.5
52,5.8
8,5.2
55,6.2
703,5.6
6892,8.0
263,7.0
150,6.0
118,5.7
2047,6.9
129,6.4
1069,6.4
121,6.4
72115,5.6
37,4.8
921,6.8
25,6.0
268,5.2
29,4.6
66,5.7
118,4.4
1081,6.9
29,6.0
72,7.4
42,5.5
127,5.9
31,6.9
92,6.4
29,6.0
39,6.1
9,3.2
31,5.0
34,5.2
9,4.7
23,5.6
126,6.3
84,6.2
1422,6.7
120,6.1
165,3.9
9,5.7
454,6.9
148,5.3
289,4.3
66,4.2
29,5.5
23,5.1
25,6.2
43,6.6
69962,6.4
66,5.6
2416,7.8
48,3.6
8955,7.4
74,6.5
357,7.1
5310,5.7
519,5.1
60,5.8
37,5.9
76,5.6
1896,6.9
231,4.7
57,4.2
89947,7.0
85,6.0
366,6.7
75,6.3
45,6.1
92,5.2
344,3.9
21,6.1
172,6.6
42,7.1
164,6.7
87,6.2
120,6.5
153,5.8
170,5.2
10,5.8
86,6.6
24,6.0
52,5.8
48,6.5
23,6.2
58,5.9
130,6.7
107,6.8
37,6.8
33,5.8
13,8.0
132,5.5
90,6.0
40,6.4
30,5.7
1533,6.7
186,5.5
503,5.7
14,4.9
50,5.9
152,6.5
74,5.4
388,6.0
1620,7.2
27,6.5
61,5.7
101,6.0
244,5.3
100,6.8
24,6.1
1593,6.8
63,6.4
200,6.8
13,6.9
16,6.3
197,6.5
4436,7.4
2288,7.3
10170,7.1
285,6.7
14589,7.9
19,5.7
2768,7.2
25967,7.3
199,6.8
5601,6.6
1427,6.6
313,6.7
411,6.7
4885,7.6
1582,6.5
62,6.2
20,5.1
20,5.3
22,6.5
32,7.0
9,5.7
8,8.2
178,6.4
34,6.1
738,6.3
71,6.3
161,7.2
25,7.2
136,6.2
3060,6.8
98,5.3
128,4.8
73,6.5
42,6.8
12,5.2
47,5.2
75,6.2
19,5.5
135,7.0
111,5.5
166,5.6
39,6.0
147,6.7
544,5.2
23647,7.0
41,6.7
17,6.3
139,6.2
39,6.4
96,5.4
113,6.9
343,6.9
546,3.6
12,6.1
83,5.8
150,6.1
85,5.6
66,7.2
29,5.7
40,6.8
125,7.0
10,5.6
23,5.6
274,6.5
24,5.1
32,5.5
153,6.4
34,5.0
4209,5.9
261,5.3
52,4.3
32,5.8
90,6.3
9,6.0
52,5.5
82,5.7
29,7.2
35,5.3
31,5.9
621,6.8
785,6.4
876,6.4
6485,7.2
574,6.4
31,6.5
737,7.2
1036,7.3
352,5.9
917,5.3
406,6.2
562,5.2
125,5.9
219,6.9
13,5.2
90,6.8
171,5.5
490,6.1
111,7.1
133,7.1
588,5.7
2510,6.6
37,7.5
28,6.0
233,6.1
54,4.1
190,4.3
23189,6.4
156,5.8
160,6.7
195,6.3
109,5.6
268,5.7
6,6.8
617,3.7
24,4.8
174,4.3
80,5.3
161,3.3
28,6.0
231,5.1
225,5.8
115,5.0
97602,7.5
347,5.9
94,7.5
75,6.8
40,6.5
595,6.0
8,6.0
73,6.6
408,4.4
326,5.0
23,5.5
28,5.4
28185,7.3
634,6.9
40,4.9
83,5.4
774,6.8
73,5.4
1900,5.9
286,5.8
386496,7.9
53,6.2
106,4.6
2130,6.5
643,4.6
368,6.6
14522,4.3
206,5.0
85,4.5
260,4.9
1165,7.2
1988,6.8
3171,7.4
84,5.4
364,5.7
278,6.5
117396,7.9
2295,6.0
7394,6.0
551,5.2
118,5.6
175,6.1
5666,7.7
87,5.8
622,6.4
97,7.4
60,6.9
105,6.0
49,7.6
100,5.5
42,6.4
23,4.9
34,5.2
21,6.5
929,4.5
31,5.9
3334,7.2
3737,6.1
9612,7.6
283,7.4
34,6.1
39,6.2
47,6.3
35,6.5
41,6.7
53,6.6
43,6.1
11904,7.5
223,4.5
127,6.5
47,6.3
52,5.6
84,5.9
16781,6.3
637,4.8
521,4.5
542,4.7
435,4.3
418,4.4
110,7.1
1783,7.2
123,5.6
59,8.1
95,4.9
693,6.2
17,6.8
67,6.1
3729,4.7
430,6.4
207,5.5
18,6.8
87,8.5
4419,6.3
661,6.7
41,6.1
363,6.9
11,3.8
85,7.8
23,6.8
83,6.5
215,6.8
90,4.4
189,6.0
31,7.4
45,8.4
1899,6.2
233,5.4
1040,7.3
126,6.9
21,6.2
304,5.5
2185,5.2
2030,6.5
3086,6.2
1505,6.2
75,6.9
9,6.8
285,4.5
71,5.2
138,4.9
328,4.6
97,5.8
746,6.2
18,6.1
232,7.7
37,6.4
73,7.9
2054,5.4
18,6.1
126,6.3
57,7.0
109,5.5
125,5.8
552,6.4
615,6.2
3101,6.1
185,6.8
94,5.8
202,8.8
209,4.9
205,6.5
226,5.3
1039,5.5
193,4.4
5156,7.4
103,4.3
699,5.4
10872,7.5
377,4.1
131,6.2
125,5.5
3037,6.2
4520,7.6
1077,4.7
52,5.8
73,6.6
292,3.1
4910,5.9
443,5.6
115,5.8
52,6.0
38,6.4
18,6.0
32,4.7
61,5.7
1181,6.7
39,6.9
135,6.0
2671,6.7
76745,5.7
234,7.1
588,7.1
219,6.4
33,6.4
59455,6.5
102,5.6
711,7.0
159,6.9
127,5.7
58,8.2
448,6.4
165,6.3
103475,7.8
74,4.8
52,5.5
172,5.5
144,5.3
22,5.9
84,6.3
18,4.3
289,5.8
103,4.8
16,7.2
461,5.7
156,6.1
678,6.0
212,7.0
20723,7.6
26,5.8
2910,7.4
103,5.1
85,5.7
31,6.8
247,5.5
1101,6.6
198,4.9
79,5.7
398,6.9
50,5.6
518,4.6
52,5.6
1065,6.3
67,5.0
706,6.0
113,7.3
130,5.1
190,5.3
728,6.3
1339,6.2
50,5.1
24,5.9
194,6.1
695,5.3
707,5.9
26,5.6
26,5.9
139,5.8
61,7.0
57,6.6
975,7.5
592,4.5
40,7.1
315,6.3
177,5.6
533,5.7
136,6.7
865,7.1
2846,6.7
109,6.3
384,7.3
20271,5.7
162,6.8
306,7.1
8,6.2
257,7.3
588,5.7
65,5.5
317,6.0
248,4.3
1989,6.9
216,3.6
52,6.8
1716,5.8
170,4.3
96,5.6
12,5.4
332806,7.7
75,5.3
320,6.0
8279,6.6
941,6.1
9,5.2
21,7.2
10,5.9
61,4.4
471,6.3
106,7.1
42,7.2
83,6.6
167,6.6
7,6.6
32,6.0
17,5.9
19,5.0
86,7.2
56,6.6
69,6.1
8,6.3
648,6.3
5746,7.1
80,3.7
151,6.5
45,6.7
386,6.7
12,5.9
61,6.2
35,6.1
194,6.6
181,6.3
110,6.6
23,6.8
12,6.9
40,6.2
4729,7.9
1806,5.7
61,3.8
122,6.4
58,5.3
286,7.0
37,6.7
98,6.3
724,7.3
10,4.6
29,5.9
116,5.7
54,6.1
12,4.8
54,5.8
10,6.8
130,8.0
325,6.9
14,3.9
12137,5.2
116,7.6
15,6.9
10,5.5
28,5.9
101,6.8
13,5.6
85,6.7
23,6.6
300,4.3
62,6.7
142,5.3
54,5.9
18,5.2
10,6.4
34,6.4
98,6.0
27,6.3
12,6.2
8,6.7
47,6.1
281,6.4
19384,6.9
27,6.7
144,7.0
124,3.9
34,6.5
8,4.6
118,7.5
54,5.7
8263,7.7
17,4.8
1087,5.9
231,5.4
18,6.3
114,7.2
22,5.5
112,5.5
8,6.4
367,7.7
113,5.7
19,6.9
9,7.0
79,5.3
46,5.1
23,6.9
924,6.1
5138,6.8
147,6.8
12,6.6
56,5.6
249,6.6
7,5.3
62,3.9
75,6.1
14,6.0
37,5.4
13,6.1
125,3.9
22,5.3
45,6.6
13,5.5
143,6.2
331,6.4
417,6.5
73,6.3
83,6.8
90,5.7
18,6.5
5442,2.7
12,6.2
10,5.9
164,7.1
210,6.8
15699,7.4
233,3.1
53,5.6
416,6.5
79,6.4
26,8.1
85,7.0
3343,7.8
4617,5.9
8124,7.0
226,6.2
173,6.6
27,6.8
139,5.6
14,6.8
252,6.5
1347,6.8
61,6.8
2881,7.3
243,6.7
14,5.8
109,5.4
222,6.0
68,4.4
400,7.0
1957,8.1
38,7.3
60,5.4
186,5.7
741,6.6
24,4.8
83,7.3
53,5.8
85,5.1
33,6.3
18,4.5
53,6.0
1136,6.8
95,6.5
251,6.7
44,6.0
21,5.7
154,6.8
429,6.5
139,6.5
48,7.3
9390,5.9
5743,7.0
2045,5.6
167,7.7
732,6.4
11,7.0
95,6.5
161,5.9
66,4.7
24,5.3
37,6.6
94,5.5
231,5.8
1040,7.0
329,6.9
4515,6.4
52,4.3
14,5.5
95,6.9
243,5.8
318,5.2
821,5.5
354,6.5
56,4.9
153,7.3
83,6.8
92,5.3
84,6.8
155,5.8
295,3.8
2149,6.4
419,7.1
16518,6.1
849,7.1
62,6.3
9,6.4
13,6.1
47,4.9
116,4.3
80,6.6
34,4.6
192,6.2
456,6.7
176,5.7
13,6.9
297,6.2
79,6.5
805,4.6
281,6.9
398,5.0
447,6.5
11,5.7
38,6.3
13,6.2
45,5.6
24,6.4
109,5.7
289,6.8
602,6.0
203,6.0
347,6.8
10,5.8
528,6.1
12423,7.4
64,7.0
14992,7.3
249,7.4
184,7.0
801,6.4
160,6.6
146,6.7
10060,5.8
28,7.5
78,6.7
47,4.8
317,6.7
173,5.8
5701,7.4
115,5.2
80,5.0
36,2.5
1876,6.3
203,4.5
277,5.3
880,6.9
334,5.0
111,2.6
6951,6.7
106,5.4
225,4.4
459,7.3
473,6.4
764,6.5
192,5.6
116,3.6
56,6.1
64,3.9
377,4.9
2989,7.3
175,7.3
1314,5.8
797893,8.3
1013,5.2
543,4.3
192,6.3
62052,7.4
6101,7.0
6474,5.3
177,4.4
147,6.4
58,4.8
53,3.9
60,6.3
91,3.8
41,5.0
22,4.2
102,4.8
235,6.3
458,5.4
1065,6.4
37,5.9
3745,6.3
5215,4.5
86,6.0
451,6.8
148,6.3
203,2.8
30,7.2
95,4.7
1835,6.3
102,5.6
49,4.3
278933,7.5
575,3.5
448,3.6
45,4.0
348,4.4
51,6.1
802,4.2
1022,5.7
249,5.1
1322,6.8
31,6.9
1981,6.0
15296,7.1
109,6.2
20,5.5
1318,6.6
23,8.3
749,6.3
10420,7.2
31,6.9
6789,7.0
11990,7.1
1089,4.2
527,4.8
33,6.7
218,6.1
1096,6.1
38,6.0
1846,6.1
33,4.5
79,5.0
317,7.3
229,6.2
394,6.0
545,6.0
65,5.9
33,3.8
26,5.9
177,6.4
1640,5.7
18,5.3
26,5.5
93,4.2
1161,5.6
119,3.1
29,4.3
6648,6.3
1911,6.3
164,4.7
28,6.4
83,5.3
60083,6.0
74,6.6
29,5.7
271,5.9
176,3.8
2859,5.9
113,4.6
28,6.8
299,4.0
706,7.6
10969,5.1
71,6.8
146,5.3
36,4.5
2836,7.3
37,2.4
173,7.8
13,5.3
3666,6.2
421,5.0
868,5.4
383,5.6
1259,7.0
86,7.6
253,6.7
111,6.2
54,8.2
1362,6.5
93,4.9
132,6.0
455,1.8
4001,7.2
118,3.7
153,4.8
170,4.7
779,5.1
264,5.5
115,3.6
134663,6.8
828,6.1
84,4.4
406,5.3
159,5.2
74,6.7
50,5.2
108,6.9
119,5.3
65965,6.9
111,5.8
148,6.1
133,6.9
133,6.7
439,6.0
120,5.2
2428,7.6
1124,6.3
20,4.9
395874,7.6
740,6.2
351,6.5
708,5.8
95,3.5
160,6.5
6109,7.8
6015,6.7
187,5.8
674,3.7
934,7.0
1250,6.9
201,6.5
253,6.0
36,3.6
1262,6.6
335,6.7
45,6.0
138,2.6
258,3.3
213,3.7
32,3.7
31,8.4
61,7.0
83,6.5
346,6.4
54,3.8
42,6.5
42,3.5
1131,6.4
63,5.7
1287,7.2
316,6.2
134,4.9
11,8.0
1465,4.9
275,5.8
2271,6.3
8,4.7
17,5.0
2831,4.1
188,4.6
71878,7.0
9947,6.8
116,6.1
36085,5.9
390,5.4
32,6.3
4135,6.6
2880,6.8
23,6.2
11,6.7
929,6.9
627,5.9
24,5.2
37,5.0
1143,5.9
543,6.9
18,4.4
34,5.6
120,6.4
23,7.2
63,6.2
2421,6.6
39,6.1
156,6.7
7977,7.1
196,4.9
312,7.5
11444,7.0
40727,6.9
225,5.1
37,5.5
293,5.4
5389,6.7
200,4.8
2512,6.9
3950,6.7
419,7.7
12917,6.4
18381,7.0
142,4.9
97,7.2
76037,5.6
369,7.3
4372,7.7
423,6.2
595,4.6
2401,6.9
247,6.6
69,6.3
56,6.6
327,3.5
282,5.8
1917,6.9
2015,6.5
322,6.9
153,5.9
107,6.1
1254,7.0
1566,7.5
843,6.3
183,4.0
636,6.5
1528,6.6
195,3.8
29,5.3
286,6.3
2090,7.2
732,4.7
187,6.1
8931,7.7
69,6.9
36,5.2
146,3.4
965,5.3
16156,8.0
18630,4.4
144275,7.7
135,5.8
47,5.5
58217,6.7
379,5.8
370,6.3
43,4.0
215,5.2
99386,6.7
4295,6.8
23,5.0
52,7.9
18,7.7
375,7.2
384,7.1
2434,6.5
57,3.1
854,6.5
42,8.7
78,5.9
921019,8.5
262,4.4
1219,6.0
12,4.8
22,8.4
5111,6.2
39,8.5
948,6.5
38888,7.0
614,6.3
133,5.5
68,6.7
72570,7.5
1385,5.2
201,5.9
44,5.2
34,7.2
360,7.1
2682,6.9
105,4.3
22,5.4
946,6.6
13241,6.0
54,6.2
184,4.4
96,7.0
214,4.6
416,6.7
62,4.6
59,4.4
36,6.1
139,8.1
1446,7.0
185,5.3
96,6.6
26,5.6
1344,8.0
84,4.4
32,5.5
410,6.0
72,4.8
143,4.1
574,6.7
63,6.2
8,3.4
83,5.6
160,7.5
238,3.8
3097,7.3
5708,5.7
1457,6.7
41,7.6
29,7.0
176,7.0
19,4.6
1533,6.8
1422,7.2
1654,5.1
616,7.8
38,7.8
204,6.8
456,5.8
30,8.5
278,6.1
3902,7.1
148,3.9
2946,7.3
82,6.4
830,7.4
137,6.6
25,7.9
58,8.9
29,7.2
111,7.1
214,6.4
212,5.6
206,6.9
108,4.7
568,6.7
61,5.7
339,3.1
75,7.2
136,6.0
2646,5.2
2051,7.0
1922,6.2
1094,5.8
22,6.7
1791,6.6
130,6.9
557,5.5
346,6.2
2509,7.0
26764,7.3
1431,5.5
943,5.3
177,4.7
15,4.2
136,5.5
13,5.7
167872,7.1
13203,6.1
199,6.0
1081,6.9
441,6.9
220,5.3
215,4.7
469,5.4
22,4.1
1644,6.8
1618,6.9
3754,6.4
5351,7.3
542,6.4
76,6.5
296,4.7
66878,6.6
89,7.1
2779,5.2
665,4.6
135,6.1
975,5.6
1029,4.6
184,3.5
105,6.5
435,4.6
61,3.9
3993,6.8
1748,7.4
14814,6.3
51,6.6
288,6.4
248,6.8
16515,7.3
7441,6.4
117,6.3
2467,6.4
3970,6.6
148,6.4
14,6.6
72,5.6
7,5.5
522,4.4
810,5.3
458,6.4
10115,5.1
47,7.0
4767,7.2
164,7.6
192240,7.1
12368,5.2
159512,8.0
89,6.8
28207,6.4
68,5.4
949,7.0
24815,6.8
41306,6.8
5045,7.3
52,6.9
95,6.0
212,7.6
55,5.0
93,5.5
60,4.4
744,6.1
15025,7.2
37804,6.2
15534,5.4
80,5.9
5751,6.7
1005,3.5
43036,6.6
10936,6.5
5736,6.5
232,5.3
770,4.5
209,6.2
921,6.4
6115,5.4
15,6.4
3585,5.9
6929,7.0
1856,6.9
7080,6.8
48966,7.9
240,6.2
461,5.2
34478,7.0
2373,6.1
42890,7.3
974,5.9
5416,5.9
6470,5.9
30,6.2
162,6.6
1117,6.7
197,6.8
25,6.5
131,7.3
748,3.4
5733,6.4
397,5.6
96260,6.2
587,6.1
1663,7.0
47,5.1
19,4.9
331,4.6
1756,8.8
81,5.6
327,6.7
401,5.0
2429,5.6
57286,7.7
11512,7.5
270,6.0
4859,7.0
3247,6.1
29,2.8
270,7.3
550,5.1
602,7.4
907,6.2
265,6.9
589,6.0
1519,7.1
3562,7.1
682,5.7
467,7.3
5418,6.0
2517,5.2
97,6.4
985,6.2
54,5.8
100,5.8
14723,6.3
418,7.1
49,4.5
788,7.6
578,5.3
444,5.4
148860,7.3
206,5.4
538,7.0
2586,6.5
7424,7.6
4593,7.2
39,6.5
1379,7.0
10122,7.5
618,5.9
811,3.9
2702,5.6
3464,7.0
1899,6.3
92,6.7
19596,7.1
52,6.2
1020,6.8
150,6.7
6117,6.1
837,6.5
611,6.2
322875,6.8
478,5.1
347,7.3
59,8.3
82,6.5
637,6.2
38,4.5
151,6.3
31,5.2
70,6.6
762,6.0
79,5.4
315,6.1
664,7.3
51,4.1
25,4.1
57,5.6
45867,5.8
1196,4.4
2154,6.7
65,6.3
19,5.7
581,6.5
434,6.7
443,6.7
195,6.3
553,5.8
814,6.8
160,6.0
637,6.2
74,6.2
105,6.0
542,7.1
10,5.1
455,7.5
235,4.1
82,7.2
68,6.5
223,5.4
4198,6.0
49529,7.3
1941,6.4
322,5.5
15,5.3
1272,4.4
2000,6.8
133,5.6
892,6.7
758,5.5
200,4.9
7561,7.1
138,6.8
60,3.6
12392,7.9
692,5.2
808,3.2
399,6.0
72,7.2
93,6.2
6,7.4
18,4.6
37,7.6
424,6.7
52,7.5
14,4.4
15,7.3
32,7.7
794,6.0
1107,5.4
752,6.0
777,5.7
68,6.4
3031,5.7
396,6.5
205,6.6
266,5.4
164,4.9
142,4.5
338,5.2
35,5.8
5592,5.7
13,6.7
134,7.2
188,6.0
135,5.7
31,7.2
9,6.6
110,4.7
12135,4.9
51,5.9
36,6.9
4491,5.3
4529,7.9
613,4.7
1075,7.2
743,6.6
16,6.1
793,6.0
32491,6.5
400,7.2
1098,6.6
32394,6.2
1065,6.6
12,5.1
2083,6.7
11912,6.6
52,6.8
403,8.1
316,5.8
27,4.6
255,6.3
56,6.3
14,6.1
4558,6.3
1719,6.1
21,4.3
132699,7.1
63,6.5
711,3.5
30884,7.1
19,5.9
1151,6.3
5179,6.7
30,6.3
5676,6.4
48,7.4
26449,7.6
127,6.1
448,5.8
359,6.6
8662,8.5
295,7.4
44,4.5
197,6.7
26,6.7
32792,6.3
155,5.4
988,7.0
21822,5.9
13909,8.4
533609,7.6
1513,6.1
5124,5.1
1436,5.9
206,3.4
472,7.4
2167,6.8
45136,4.6
652,4.6
243,6.3
2710,6.9
123057,6.0
733,3.4
98,5.5
806080,8.6
60,4.9
181,6.9
326,6.9
183,6.8
390,5.9
468,6.7
262,4.7
251,7.2
3177,7.0
2584,6.8
61,6.9
8436,7.8
105030,7.7
2524,7.2
4831,7.0
287,5.3
405,6.6
156,5.6
319,7.1
76,5.1
27,6.7
1163,6.1
2769,7.9
332,4.4
231,4.2
500,6.9
3593,6.4
34,4.6
13466,7.5
81,5.5
2991,7.0
285,5.4
13,8.3
28,7.5
17,4.6
48568,6.7
11590,6.4
1388,6.9
903,5.7
257,6.1
139,7.5
1056,5.7
1420,6.1
2097,7.6
92,7.3
61,6.4
419,6.4
575,6.3
5944,6.9
86,5.0
35,7.6
448,5.7
2460,4.7
42,5.3
502,5.9
78,4.9
90,6.0
3411,6.5
11650,7.3
3332,7.1
1093,6.3
326,6.4
8088,6.8
182,5.6
16707,4.9
274,5.4
397,6.7
48,6.2
54,5.2
1585,5.3
1527,3.9
1755,6.8
246,7.1
2906,7.0
4407,7.4
82973,6.9
1793,6.1
2644,7.5
512,6.3
26,6.2
21778,5.9
89,8.0
1059,4.6
43400,6.0
41317,6.3
5757,6.2
230,4.0
125,6.1
78408,6.7
30103,7.5
17,7.1
158,6.6
91,6.6
15960,7.0
581,6.8
2838,6.0
268,4.4
3259,6.9
485,5.1
627,5.7
190,3.9
3747,5.2
1942,6.8
598,5.8
481,6.1
1167,5.9
384,6.1
434,6.2
212,4.8
1273,6.8
257,6.8
2413,5.7
912,6.1
5603,6.2
74,7.2
197,5.5
146,5.2
126,7.0
108430,7.0
10495,6.5
25278,7.2
1528,6.2
1508,4.3
784,6.6
7364,5.9
108893,6.7
4025,7.0
121,6.7
76111,7.6
3219,6.4
104,6.0
41173,6.0
102,6.4
1330,7.1
2515,4.6
61,6.7
1122,7.0
177260,5.6
569,5.7
2329,7.3
1008,6.8
4403,6.5
62,5.9
173,4.7
435,6.2
381,7.5
6200,4.4
672,6.0
791,5.3
234,6.4
5092,6.3
570,6.4
162,6.6
86,6.6
550,6.6
646,7.4
1883,6.5
37,4.9
1815,6.7
131,7.5
727,6.3
141,5.3
164,6.2
95,6.5
1986,6.9
1295,5.8
31,6.0
291,5.6
938,4.6
548,5.6
200,6.3
1180,7.1
10468,6.6
619,6.1
240,6.5
4434,6.4
155,5.5
758,6.6
121,7.2
71000,7.2
168,5.0
24,5.2
385,6.7
4818,5.4
3697,5.0
21,8.7
1893,6.3
1693,6.4
15089,5.8
485,6.5
1242,7.5
13,5.7
10,5.8
21,6.5
66922,6.3
704,6.4
3129,6.8
920,6.1
621,6.0
59,4.3
18,5.9
2579,7.2
1598913,8.4
36,6.2
44,6.6
94,6.1
686,6.1
1504,5.3
58192,7.5
1215,6.2
479,5.3
246,6.8
347,7.3
89,6.1
140,6.9
51725,7.5
1347,6.1
31,8.2
1580,6.8
5288,6.9
228,6.0
233,6.5
2098,6.6
494,6.1
1137,6.4
102,6.9
1071,7.0
72605,7.5
515,7.0
98657,5.5
3032,6.6
234,7.0
297,5.6
1033,6.6
103546,6.3
597832,7.9
3077,6.9
196,6.3
5521,5.5
1528,5.7
5328,7.9
26417,6.8
4959,5.0
962,6.2
12572,7.2
739,6.9
125,7.4
45,6.6
116435,6.1
113,5.7
848,7.4
109,6.9
426,4.4
5026,7.6
15657,7.8
3734,3.3
7175,6.3
61392,6.8
78503,7.1
118,6.4
14,7.4
85492,8.0
238,6.4
195,4.0
158,5.0
114,7.6
178,4.8
12781,6.0
401,5.6
24,7.2
67514,7.8
89,6.9
5,8.6
7477,5.4
111283,6.4
3983,5.8
1674,6.4
35148,6.8
170,6.3
5491,6.8
2353,4.0
338,5.1
397,5.6
809,3.5
6473,6.8
343,5.7
150,5.3
4718,6.6
133,5.4
6926,6.1
66,7.7
83,6.9
604,6.9
95,5.1
59,5.1
327,5.6
216,5.0
147,7.4
791,6.4
7939,6.6
54,5.1
12696,7.7
2988,5.8
629,7.6
554,5.4
59,3.2
2140,6.7
12097,5.7
2533,6.8
4344,5.8
34399,6.8
1483,6.7
1811,6.4
16,5.5
1010,6.4
318,2.8
615,6.9
555,5.7
424,4.9
5489,6.4
401,6.2
1840,3.4
7678,5.0
2851,6.2
57,7.7
199,5.5
668,3.1
23,5.5
6362,7.1
2886,6.3
27,6.7
754,4.1
361,6.0
83,4.9
108,7.1
54,4.9
1765,6.7
141,6.5
26967,7.6
164,6.2
1552,5.3
761,6.5
245553,6.5
18,8.3
11,5.8
99,5.9
258,4.5
614,6.4
365,4.8
47,4.3
651,5.6
26,8.5
14,4.5
176,6.1
2609,4.6
22,6.5
16455,6.6
76,7.9
436,5.1
6670,5.5
50,8.2
52,7.3
77225,5.6
1549,6.9
85687,7.3
352,6.7
121,5.2
1209,5.6
1618,7.0
341,6.3
216504,6.3
6332,7.8
59,6.2
1640,7.0
4931,6.8
418,5.1
18,7.6
83,6.1
4681,7.8
12,5.6
18326,7.1
39,5.6
230,6.1
1919,6.9
77,5.8
642,7.6
3780,7.5
1803,7.0
366,5.0
277,5.6
10818,5.3
399,2.4
2760,5.4
267032,7.5
77,4.5
11061,6.0
2145,6.5
161942,7.3
790,5.2
54,7.0
421,6.6
82122,6.3
27,6.8
1240,6.0
339105,7.6
751,6.9
1822,6.1
6084,7.8
228,3.8
51,5.7
212,5.8
3198,6.7
1057,7.9
466,5.4
9,7.0
772,6.5
207,5.0
34217,7.8
110627,8.0
74688,7.2
19,5.0
128,4.7
594,5.7
724,6.1
1152,6.0
12209,5.8
128,4.9
535,7.0
181,5.1
1922,6.4
194,5.4
77,6.5
112,6.7
412757,8.4
40764,5.3
246,6.9
77,6.4
2964,6.9
2872,6.7
1058,7.0
702,6.7
50,6.4
415,7.7
118,6.8
100,7.3
91,6.6
138,6.5
316,6.4
1208,6.7
695,4.7
76,6.1
1073,6.5
147,6.0
13939,6.1
118,6.6
239219,7.5
163,8.8
592,6.5
21364,7.0
7,6.8
48,6.0
617,4.6
942,6.4
203,6.4
371,6.4
963,6.9
731,6.7
1866,6.4
18707,6.8
4296,7.4
1270,6.1
8587,6.5
28,7.3
20563,7.2
31324,7.4
1512,7.0
107145,7.1
1019,6.0
629,4.8
1025,5.3
7665,5.1
181,6.4
11,5.3
425,7.8
81,3.8
476,6.1
8,6.7
75371,6.8
334019,7.8
74184,7.1
1938,5.8
4497,7.0
47,8.8
5357,6.7
227,6.2
703,7.9
97,6.5
229057,7.6
331,4.6
357,6.6
37426,5.7
4171,7.6
242,6.5
9286,7.1
423,5.7
15079,6.6
1013,6.7
9711,7.2
1881,6.4
101196,6.2
239,5.9
83,6.4
27,6.1
3310,6.7
41979,7.3
2195,6.1
159,4.3
1634,6.8
115,6.1
14821,7.1
7746,5.6
225,6.9
588,7.2
415,6.3
69578,5.9
1948,6.6
39,7.1
4757,5.7
8459,7.3
2458,6.0
2157,6.7
122952,6.5
290,5.4
3549,7.1
709,7.1
3482,7.4
115,6.5
663,5.6
65,4.4
431,7.1
366,5.7
261,4.5
1291,5.2
5669,7.4
42,5.2
169,6.5
32103,7.7
20956,8.0
5066,6.9
343,7.2
2167,5.6
601,5.6
32,5.2
21,7.2
538076,7.8
2116,5.8
84,6.8
2512,6.6
41,6.7
253,5.8
207,5.0
173,4.7
630,7.1
95,4.8
11,8.2
169,6.1
211,6.7
39149,7.0
254,5.7
352,5.7
68,5.3
141,4.8
83,6.3
446,5.0
62,6.7
60299,7.5
5624,6.6
17,4.9
504,5.8
911,6.5
250,5.7
1425,6.4
293,4.6
563,5.9
454,6.2
144,4.7
159,6.4
176,5.7
58,7.1
2566,6.8
1600,7.8
4705,6.7
396,6.4
247,3.5
302,4.6
653,5.5
1461,6.1
2651,6.9
206413,6.2
39428,3.7
121,7.0
99,7.5
79,5.0
288,5.4
101572,7.4
359,5.6
386,5.9
2131,6.3
115,4.9
66,6.3
684,5.9
29,8.8
173,5.1
125,6.7
1700,7.1
2439,6.7
116267,7.3
133,6.0
163,4.6
10261,8.0
154,6.8
559,7.2
11068,6.7
3814,6.2
8776,4.7
10,7.4
15,5.4
3660,7.4
127,5.5
104,7.5
2977,7.3
289,6.3
660813,8.0
13,5.1
3019,5.7
2235,6.2
137,7.5
118,6.5
186,7.2
1015,6.3
506,4.3
978,6.0
1543,6.3
2995,6.8
39,7.3
4456,6.7
15193,7.0
310,6.0
3215,8.1
1305,5.3
39,6.5
30,7.3
16378,7.4
162,5.1
1274,5.8
24157,7.4
5671,6.5
3633,4.1
21,7.6
839,6.8
16,8.6
1870,5.2
1520,5.6
30,6.4
265,7.4
2425,4.8
304,4.3
1348,5.5
318054,7.5
11056,6.6
91019,7.6
29,5.0
607,4.4
3136,6.7
3281,6.5
19,6.6
9574,5.6
71,7.7
392,5.5
52,7.4
35,7.3
14752,6.1
236,7.0
11,5.0
37,6.9
85,7.0
134858,6.4
377,5.1
53,6.5
821,6.1
184389,6.4
6642,6.7
260,5.2
83,4.2
1771,6.6
748,3.2
2992,7.1
5653,6.8
19469,7.4
23,7.0
50,7.5
63,6.7
214,6.4
619,4.9
7978,6.8
473854,6.9
485,4.7
630,6.8
209,5.5
42,7.9
83,6.4
6175,6.9
502,6.0
4789,6.7
428,5.6
672,5.6
1750,6.9
62846,6.8
1701,5.5
54994,7.5
46,7.3
35,6.1
1928,6.9
1458,6.2
957,6.5
37193,5.4
175,5.6
1733,5.8
212,5.6
1111,5.7
2678,6.7
3081,6.3
32719,5.2
546,5.3
378,6.1
203,6.4
2327,6.4
23282,7.0
60,7.1
215,5.2
957,5.4
5206,6.8
32213,6.4
409,6.3
178534,6.2
24398,5.9
84,5.3
17,6.3
852,5.3
1160,6.1
4700,5.7
221,5.8
12741,6.6
40,8.1
323,6.6
1027,5.7
355,6.7
355,6.7
157,5.7
161,5.5
5847,5.7
161124,7.1
35809,7.0
134,5.5
69,5.7
3892,5.1
630,6.0
65,5.2
72,7.8
538,6.8
389,7.1
498,7.4
310,4.8
18076,7.3
1114,6.3
111294,7.6
152700,6.6
30,8.0
8433,6.4
642,7.8
94,4.5
5686,7.3
252,5.9
212,6.6
4628,7.3
1096,6.9
2044,6.1
771,5.5
3111,6.1
230,5.8
669,5.6
4737,6.8
460,6.9
837,6.5
601,5.7
6609,6.7
189,6.1
263,5.9
730,5.1
70,6.2
6887,6.9
324,6.2
138,6.7
14274,6.1
33,6.5
33269,7.0
184,6.2
741,6.2
2878,7.2
542,6.6
94,7.5
227,7.7
15,6.4
34,5.6
60,5.6
23,7.6
11355,7.3
38506,7.5
925,6.2
37,6.5
22,6.8
51,6.4
707,5.8
246833,7.7
330,3.5
65,6.7
2664,6.5
179,4.8
2378,6.3
283,6.5
1402,5.8
639,5.4
2851,6.9
95,6.1
7933,7.4
168,5.6
160,6.4
93,6.5
7396,7.0
1581,5.5
339,6.6
5994,4.8
132,5.9
794,6.0
30781,6.1
26,6.0
2144,5.6
3329,6.8
39,7.8
410,5.4
3304,5.6
499,6.7
1276,5.5
210,5.7
977,5.8
4179,5.1
3202,6.7
160,6.1
171,5.2
16095,7.4
11781,5.8
799,5.4
8686,6.2
18,5.9
269946,7.1
24,7.0
170,4.0
14373,7.1
328,6.3
804,5.6
862,6.1
4161,7.0
648,3.8
2309,6.3
540,5.8
86,7.8
4385,6.8
121,4.0
868,6.7
15,5.1
64,7.0
50,7.6
7777,7.2
5441,2.8
335,5.2
56692,6.6
10103,7.7
1239,6.2
238,6.1
254,5.5
40289,7.3
33,6.7
4269,6.3
6779,3.6
312,6.4
7142,6.3
127,5.8
718,5.7
2010,5.1
36621,7.5
643,6.5
11,7.8
6889,6.6
1465,6.5
219,5.8
2266,7.0
301791,7.8
1351,5.6
5647,5.8
4575,7.1
432,6.1
3429,5.4
366,6.1
12559,6.7
5215,7.5
979,5.5
441,6.5
88,4.9
104,7.6
3239,6.6
278,6.3
1645,6.3
59,7.7
115,6.9
200,6.1
1277,5.7
54001,6.6
6590,7.1
318,6.6
150,6.3
94562,6.4
4517,6.7
555,7.0
218,7.2
365,6.4
30921,5.6
53,7.6
15317,5.3
7001,6.9
12,7.0
2754,7.0
1478,5.6
104369,6.5
14846,6.4
100624,8.0
299,6.1
28,6.7
87,5.5
2621,6.8
335,5.1
1468,5.0
28845,6.9
1223,7.1
415,6.5
261,5.4
265,5.6
339,4.5
859,6.7
1500,6.7
28993,6.2
260,6.2
240,5.2
157,4.5
1200,5.6
414,6.2
783,5.7
10,5.8
291,5.9
978,5.5
3220,6.8
163,5.7
55519,6.7
1723,6.3
448,5.6
191,5.9
7991,6.7
14675,7.1
3788,6.7
995,6.9
3781,7.1
3460,6.9
233,5.4
147,6.4
89,5.5
138,6.9
4190,6.5
2193,7.1
33,3.8
327,5.5
42,6.0
173939,7.1
69,9.0
13,5.4
36,5.2
570,7.1
2575,7.2
8221,7.1
32113,6.7
139,6.8
42,6.8
186,6.3
6864,7.2
32054,6.6
20,6.6
394,4.5
33050,7.0
6778,7.0
509,5.9
3160,7.2
131,7.6
38,7.3
568,7.0
2333,6.5
2427,6.9
626,6.2
1812,6.8
44991,6.7
3252,6.1
319,5.4
249,5.9
2533,7.0
406,4.0
771,4.8
379,5.1
54,6.8
13605,6.7
12898,6.8
112787,7.7
980,4.1
137290,6.5
673,6.0
833,5.9
43,7.5
20844,7.1
59,6.8
584,6.4
142,5.6
1362,5.8
1440,5.9
456,6.6
612,7.5
236,5.8
19,7.2
1278,5.1
2983,5.4
364,6.8
355613,7.0
831,5.9
819,6.0
558,7.3
683,5.8
102,7.7
2612,7.1
2927,6.0
48089,7.1
18206,6.0
680,7.3
421,7.3
293,7.0
121,5.3
28692,7.0
181,5.1
3811,6.2
6989,7.0
19,7.4
11355,5.4
1040,5.2
19986,6.1
612,5.8
219,6.6
668,5.6
20047,7.2
6520,6.6
2678,6.7
98,7.0
710,5.9
483,4.6
281,6.5
223,6.7
21,5.8
106,6.2
291,6.4
9996,7.5
1027,6.1
340,3.6
57,6.4
874,6.1
295,5.4
117,7.1
192,4.9
117,4.2
985,6.7
638371,7.7
67003,4.9
4149,5.7
8,5.7
10477,5.5
11122,5.2
409,5.6
991,6.2
84,7.6
13410,6.5
553393,7.5
143163,6.8
2940,6.5
148,6.9
217413,5.0
86,6.7
78,5.6
1674,4.4
1120,5.8
25,7.7
64,6.8
986,5.6
83,6.5
89,6.1
344,6.0
22780,6.7
595,6.1
3993,6.7
1167,6.5
246,6.5
627,6.3
636,6.8
239,6.5
337907,7.5
76901,6.1
347,5.7
5487,6.8
11928,7.0
5356,5.9
169,6.5
128,5.5
427,5.7
84,6.7
78,5.1
66,6.0
271,3.9
9,7.6
399,5.2
1855,6.3
135,5.2
666,5.4
597,4.6
7589,7.0
14981,7.0
10205,7.0
44,6.1
871,6.2
3521,7.0
302,6.1
609,6.1
369,6.2
341,5.3
311,7.0
163,6.2
2647,5.3
66,7.4
82,8.6
365,5.8
697,5.3
1143,5.4
1208,6.4
54,6.9
5095,5.9
3750,6.3
296,6.6
180,6.9
429,5.3
1547,5.3
27,6.0
113879,6.4
2060,6.4
1613,6.5
3210,6.1
47,5.7
26,5.4
2390,6.9
2905,5.2
69,6.0
880893,8.0
2382,6.0
1000,6.4
278,5.6
16,6.6
10038,6.1
924,6.1
63,7.3
1825,6.2
363,5.4
2409,6.2
23080,8.5
179,6.4
46,5.3
553,5.5
658,6.7
168,5.9
21,6.8
102626,5.8
104,5.9
7199,6.7
648,5.5
155,7.2
150738,7.0
363,6.3
6910,6.7
10571,6.7
28523,7.6
1931,7.2
1415,4.5
2026,6.7
2863,7.3
67,5.4
86688,6.3
27109,7.2
150,6.5
7458,7.0
25,6.0
8,6.5
35,6.9
400,6.0
833,6.1
476,6.6
511,6.1
31,5.7
200,6.5
35676,5.6
202,6.1
1294,6.3
74,6.1
7067,6.3
19091,7.2
199,6.9
64482,6.1
361,6.3
1023,5.4
3304,5.3
787,5.1
990,5.4
1228,5.4
162,7.9
196120,8.2
7526,6.2
956,7.1
390,5.9
107676,7.0
6048,5.3
6,7.2
4079,5.4
105,6.1
459,5.8
488,7.5
266058,7.2
1711,7.1
14232,7.5
684,6.4
8681,5.4
469,7.3
121,4.3
15414,7.2
945,4.7
5181,5.9
6018,6.0
18237,6.0
736,5.8
2747,6.8
6145,5.8
767,6.4
3827,5.5
13,6.8
82,4.5
1283,6.5
42289,6.7
377,5.9
7190,6.9
6712,6.1
58537,6.0
841,5.4
995,6.0
166997,8.0
7695,6.2
626,7.5
331,6.1
100297,7.7
2770,7.0
1573,6.6
8,3.3
548,5.3
61,6.2
6296,6.6
372,6.0
545,6.6
207,6.0
152,5.7
3140,6.6
59,7.5
177,5.8
149,7.3
383,5.1
194,5.2
650,7.0
13466,6.2
1229,6.7
13674,6.9
3842,6.1
5307,6.6
30,6.1
196,6.1
7882,7.1
174,4.7
112,6.0
94,6.6
3546,6.7
2393,6.4
881,6.4
13,6.5
1421,5.9
57,5.6
77,6.9
163,6.8
191,5.9
1702,6.9
187,6.1
2230,5.8
353,5.9
397,7.1
14305,6.3
13663,6.9
96,6.4
100152,6.6
1873,6.0
6568,7.4
2222,6.8
18,7.2
139,5.0
100,5.6
6486,7.4
714,6.3
436,4.7
88,4.8
891,6.3
54,7.5
8,7.7
10,7.4
534,5.3
2169,7.4
37,7.4
1733,4.9
869,4.5
1455,6.8
3026,5.9
2971,7.0
154300,6.8
87,4.8
51,7.2
1898,5.8
18,6.8
919,3.6
125,4.7
101,6.6
1109,2.8
151,6.7
118,6.2
361,6.5
36,6.1
19,5.7
368,5.9
514,6.1
317,6.2
729,6.8
113,4.6
2050,5.7
551,6.0
68,5.9
133,6.5
549,6.0
11,6.9
45193,7.1
203,5.3
62,5.2
188,5.5
63,6.1
349,6.5
1947,6.0
401,5.0
271,4.2
219,6.8
55,7.2
214,2.6
57,6.9
8108,5.3
145,6.8
44,7.1
125,6.9
861,4.6
36577,7.5
20753,7.6
327,6.0
195,5.6
145,5.5
389,6.7
256,5.7
362,5.9
137,6.6
30,7.6
242,6.2
1424,5.3
74,9.0
53,6.9
1295,6.4
1027,6.2
5776,7.0
26,7.1
62,6.4
386,5.4
57,6.4
1292,7.3
394,7.2
637,4.9
7478,5.8
212,6.1
122,7.3
7850,6.6
64,6.1
127,6.1
2768,5.4
17,5.0
168,6.6
610,6.4
989,7.1
158,6.3
837,6.0
8,5.2
22,7.3
1839,6.9
8029,6.9
3203,6.9
486,5.4
126,6.7
145,6.4
272,5.5
165,6.0
233,6.9
476,6.8
216,5.4
23,4.0
168,7.0
23,6.4
125,6.5
6855,5.2
657,5.9
65,6.5
633,5.3
2042,6.1
178,6.9
163,5.3
463,6.5
19,7.4
99,6.0
1481,6.8
6,6.8
368,7.1
1172,6.0
819,6.1
7,7.4
102,5.5
115,5.8
137,5.4
1424,6.5
4396,5.1
102,7.5
560,6.0
40,7.6
142,5.1
1774,7.0
57404,6.5
240,5.8
235,6.5
504,5.2
487,4.7
2724,6.3
3852,6.2
197,6.5
102,6.4
230,7.0
1588,6.0
646,6.1
27,6.7
1961,6.4
542,5.8
875,6.6
508,6.3
426,4.6
4793,5.6
2120,7.2
8,5.9
134,7.1
5302,7.1
792,6.3
234,6.1
378,5.5
330,5.9
1889,6.6
3824,6.5
391,4.8
2323,6.5
120,7.0
46,5.2
44,7.1
970,6.2
20,6.5
260,6.5
43775,7.0
1444,6.5
6306,4.7
112,6.9
8,6.7
89,7.3
242,6.3
2369,5.8
317,5.9
45,7.2
36,6.6
1498,5.4
25,7.3
220,5.7
135,6.5
8,6.7
2603,7.0
123,7.0
79,6.2
46,7.2
36,7.1
174,6.1
517,5.5
903,6.7
900,3.5
135096,7.3
112,6.3
90,6.7
602,6.4
26,7.5
24,5.1
135,4.9
37,5.6
525,6.4
53,7.3
31,7.2
3012,6.5
84,6.9
68,7.8
9,6.4
162,5.8
99,5.7
111,6.3
8,5.9
138,4.6
253,5.9
1035,6.6
338,6.1
1190,6.4
170,6.5
1954,5.4
10394,5.1
79,6.2
22,6.0
2811,7.5
163,5.9
68,6.7
653,6.6
6758,7.2
646,3.9
321013,7.9
25,5.2
2152,6.2
220,6.1
37,4.5
156,6.3
4839,8.0
177698,6.1
308,5.9
74,7.3
34,4.8
2453,6.3
172,7.5
751,6.4
697,2.9
40423,7.0
3580,5.4
2162,6.4
1729,6.2
2595,6.5
566,6.7
57,6.7
90,5.7
16,5.6
33,7.2
666,5.8
192,7.0
464,4.6
46,4.7
17,6.7
8471,6.9
36,7.0
42,5.8
89,6.7
410,6.0
40,6.8
30,6.1
171315,7.2
298,6.8
81,8.2
186,2.7
227797,7.8
2369,5.8
718,5.7
138,6.6
192,5.4
121,5.5
144,5.2
25,7.5
119,5.5
35,6.9
2789,7.1
619,6.1
80,7.3
14,7.0
40,5.7
1023,6.0
1155,7.0
910,6.7
4273,5.5
979,3.2
254841,7.0
25,7.3
226,6.0
18,6.5
31332,7.1
78031,7.8
378,6.7
1136,5.9
43,8.0
48,7.2
403,6.0
27,6.4
267,4.7
33,6.9
67,7.2
10558,5.5
21,8.3
542,5.8
3994,6.2
855,5.9
90,6.1
549,6.2
1712,6.9
92,7.7
1487,8.0
2710,6.8
4900,6.0
6,7.3
673,6.5
1817,6.8
183,4.6
44,7.9
1209,6.2
1257,6.6
111,6.8
9384,6.6
5,7.2
379,5.8
469,5.7
738,6.2
336,7.2
36566,6.6
16631,6.8
372,7.4
1302,5.9
4230,6.6
248,6.4
105,5.5
17373,5.3
1041,6.8
35,7.3
86,3.4
243,6.3
1430,5.1
115,6.0
16,7.5
172,4.3
6900,7.3
8751,4.8
563,7.2
102,6.3
391,6.1
1626,7.2
664,5.8
2042,6.6
1475,7.6
36,7.6
2594,7.1
29870,7.5
442,6.0
1186,6.4
11,7.9
77063,7.1
22766,6.3
37860,6.7
121978,6.4
11715,6.1
164,5.1
2017,5.8
79,7.6
375,5.7
17,6.9
26491,5.9
60,7.5
5563,5.9
404,6.5
7504,6.9
275,6.2
117,8.0
253,5.4
1029,5.4
68,6.0
16458,5.9
479,4.2
1657,6.0
95,8.1
66,7.0
126,5.4
60665,8.0
75908,6.3
9191,7.1
1079,6.5
360,5.2
1523,6.5
157,4.8
2258,5.9
3257,5.8
665,6.1
1195,6.6
239,5.0
24,6.1
27,7.2
59,6.6
500,7.0
2654,7.1
510,5.1
88616,7.2
10,6.0
2116,5.8
1850,5.7
19,7.4
2855,7.8
923,5.8
1500,6.3
824,5.4
9666,6.2
7049,7.8
1146,6.7
605,5.2
1842,6.6
20,6.7
97,6.8
3023,5.7
2623,7.1
298,4.6
9880,6.6
373,3.3
123,5.3
64,6.9
121,6.6
45,7.2
1195,6.0
349,5.6
166,4.3
824,6.2
1167,6.6
965,6.5
634,6.1
57,6.8
238,7.2
488,6.1
2082,6.3
159,6.1
144,5.0
30,8.1
897,5.7
1905,6.9
1123,5.9
15259,6.3
18,7.3
10709,6.5
67,8.1
159,6.7
313,6.6
9823,7.1
131,7.1
83,7.8
11,7.8
1362,4.9
133,6.2
5781,6.5
730,7.3
16,6.2
212,6.0
1917,6.8
1599,6.6
108,5.6
13,7.1
20,7.0
278,6.4
1046,6.2
2633,6.5
30,7.4
32,6.9
3890,6.9
82,5.9
4136,6.6
8171,6.0
417,6.9
174,6.1
47,6.2
813,7.3
1381,7.1
42,7.7
6786,5.7
61,6.3
23114,7.3
3356,5.9
940,8.1
1244,5.4
102589,7.8
9147,6.1
40765,6.7
4533,4.7
2343,5.4
2405,5.8
312,6.2
807,5.4
184,5.9
443,5.0
19,7.8
53,6.0
23,7.9
78,6.8
72,6.9
774,6.0
41,5.9
399,5.8
209,6.3
1172,3.1
1111,6.5
332,6.2
22,7.6
71007,7.6
2889,6.9
1622,7.0
18051,7.1
30,5.3
80,6.2
69,6.1
257463,6.0
239,6.3
370,4.8
282,6.0
2991,6.9
2739,6.7
1201,5.8
242,5.8
57,6.6
2973,7.0
184,6.6
221,6.2
549,6.6
13,7.2
40565,7.2
565,6.6
59,7.5
56,6.0
46365,6.5
128,6.5
122,5.6
555,6.4
1498,6.3
6133,6.3
15,6.1
84,6.1
4495,5.9
17,5.2
84,6.6
13,6.3
5,9.0
204664,8.3
2127,6.7
215,5.8
96,6.7
3577,6.7
1014,6.9
1309,6.6
95,5.4
35392,7.5
434,5.9
700,6.3
187,5.6
581,6.8
61,6.4
161,7.0
1010,6.0
1669,3.5
53,6.3
259,5.0
555,6.4
1634,6.7
26409,6.1
8029,6.6
93,6.8
864,6.6
124,6.1
14169,7.1
99,5.2
64,5.9
116,6.4
234,6.0
20652,6.7
6093,6.4
174,5.1
60,6.2
822,6.5
1365,5.8
9595,7.0
1169,6.1
261,5.5
126,6.5
3549,6.4
16,4.4
313,3.6
1233,5.1
2852,5.5
1206,3.8
335,6.0
1116,5.6
15,8.4
239,6.6
5606,7.1
9811,5.3
670,5.7
294,6.1
2145,6.3
1409,6.7
673,6.3
213,7.1
256,5.5
1880,7.3
25,5.3
28,5.8
29,5.4
51,8.4
1521,6.9
334,6.0
118,7.0
3367,6.6
153,4.9
664,4.4
1104,5.9
2870,6.8
2987,7.1
250,5.1
1530,5.6
3086,6.9
174,6.1
2725,6.9
2556,7.4
13663,7.8
201,4.6
5569,7.5
3745,6.6
53254,7.3
235,7.1
37,5.8
698,4.6
725,6.0
551,6.6
762,8.1
1130,6.6
94,6.8
50791,6.5
51,7.9
107,5.7
71,6.8
685,7.4
44,5.6
91,6.7
47,7.3
376,6.2
91763,6.1
232,6.9
14,5.8
10459,6.6
301,6.5
278,6.0
682,5.9
36,5.4
36,6.0
242,7.1
38,8.4
374,4.7
319,6.6
73,6.4
24,7.2
2231,6.7
69,7.2
1082,5.4
91,7.2
125,6.0
87,6.8
88,8.0
3031,6.4
954,6.8
67,8.2
20715,4.8
79,7.5
7870,6.1
24,6.1
544,6.0
1661,6.5
88,7.2
17,6.5
158,6.8
63,5.6
89,7.5
425,6.6
1498,6.6
61,6.0
84,6.8
866,6.2
376,5.1
331,6.5
2094,6.7
19,6.9
1984,6.4
4429,6.4
826,6.2
324,6.4
7643,7.5
140,6.1
1179,6.8
4520,6.4
141,6.8
452,5.8
249,6.2
86,6.3
4553,6.3
147,6.7
19559,7.7
296,6.5
1067,6.5
513,4.8
45,4.1
348,6.2
36,7.2
6,6.4
22325,6.3
5046,6.9
158,6.8
18694,7.5
52348,5.7
317,6.3
56,5.5
110,5.7
18035,7.4
48,6.9
1103,6.6
84,4.9
8287,6.1
720,4.4
36,7.1
13006,7.8
16264,6.0
129,7.9
220,4.5
121,4.8
670,5.4
5511,7.4
593,5.5
103,5.9
1212,6.4
1091,6.2
434,7.1
1917,7.0
1328,4.5
51,5.9
7035,6.5
10335,6.9
6,6.8
136,6.1
1511,6.1
21,7.2
22,7.2
28,5.9
20037,7.5
1548,6.6
87,5.3
2397,7.3
40,5.3
1948,5.9
94,6.0
41,6.9
471,6.1
251,7.0
249,4.0
2554,4.4
89,7.3
2677,6.4
434,5.8
1360,5.9
18,7.6
2284,4.8
217,6.2
448,4.7
439,6.4
212,6.6
87,6.5
1479,6.8
133,6.4
5036,6.7
17,5.9
16,7.4
2105,6.8
402,6.9
181,6.4
442,4.9
213402,7.0
85801,7.3
105,8.1
8495,6.7
812,6.4
144,4.7
382,7.1
52,7.3
107,6.6
209,6.6
186,5.4
1223,5.0
11,7.8
1521,6.2
883,6.4
50,6.0
249,6.6
1317,6.8
1935,7.1
46,6.5
5058,6.4
7171,7.0
1107,6.2
347,4.8
104,4.9
48,5.3
578,6.8
96,5.5
2563,5.5
1052,5.5
970,5.6
51,6.4
184,6.2
966,6.7
128,7.3
54,4.3
78308,6.3
5209,7.5
336,4.4
387,6.3
3265,7.1
3585,6.1
104,6.2
265,5.8
71,4.7
796,6.2
57,6.7
1598,7.0
105,7.2
1549,6.3
3796,7.1
386,6.6
678,5.7
179,6.1
2868,6.8
11,6.5
886,7.1
339,7.5
2025,5.5
28,5.2
57528,7.9
52,4.8
128,5.6
1787,5.6
5418,5.8
878,6.4
58,7.0
177,6.0
45,7.0
1920,6.1
70,6.9
17500,7.1
631,6.4
3112,5.8
3592,6.2
356,5.6
759,4.5
47,6.4
7226,7.7
31,7.0
18,7.0
1622,6.7
6,5.5
3316,6.4
7,7.5
369,7.5
22,7.5
1005,5.1
1733,6.6
678,6.6
50,8.0
48,6.5
1714,5.9
74148,6.3
369,5.4
80,6.3
585,5.9
6611,7.1
275,5.9
54,6.7
3619,6.2
147,5.5
600,6.3
262,5.7
91,7.0
89,8.3
50,8.1
75,6.8
909,6.5
23,5.8
26,7.0
8885,5.8
9428,7.1
1089,6.7
8050,6.3
139,7.7
1156,6.5
73,6.6
259,6.8
147,6.2
387,5.0
134,5.6
681,5.5
778,5.8
3119,6.9
998,6.4
134,5.5
673,6.5
506,5.9
1292,6.8
85,6.9
923,5.2
54,7.3
109,6.5
40,5.5
372,6.9
11791,7.4
31,7.1
205,5.5
412,6.9
415,6.2
2626,3.3
643,6.1
8,8.0
1127,6.1
18807,5.1
483,6.0
275,6.3
59,6.8
109,5.9
24,6.4
23,6.5
150,5.2
957,7.0
2055,5.9
404,5.4
217,5.6
83,6.2
24351,5.2
42,7.5
29,4.8
1073,6.0
324179,6.2
288,8.1
67,5.2
14,7.2
763,5.5
627,6.7
32228,6.6
269920,6.8
423,5.7
3506,6.3
3018,6.8
685,5.5
374,5.8
86,4.0
90,7.0
18,7.9
37,6.2
84,7.6
10116,7.0
10498,5.3
3398,6.7
848,6.1
360,6.1
836,5.0
508,6.1
1727,6.4
523,6.2
82,5.6
986,7.1
22,7.6
283,6.4
368,1.8
3759,6.9
584,6.8
194,6.8
153,5.9
485,6.7
338,6.3
998,6.4
12694,5.6
102,6.4
511,5.1
119,4.0
133,5.8
198,6.1
69,6.2
79,5.3
783,6.4
273,6.6
98,7.9
126,7.0
223,5.6
52,5.7
15,6.5
50,6.5
17,6.8
19,7.3
39369,5.6
77,6.2
37,6.2
311,7.0
444,7.1
27,5.8
371,5.6
37298,6.1
7,6.2
240,6.7
33,7.0
590,6.5
147,6.1
424,6.3
249,7.6
112,6.9
210,6.2
552,6.1
44,6.7
46843,6.3
997,6.6
800,5.9
13593,7.0
14268,7.4
433,6.2
1678,6.4
6099,7.8
24,5.2
234,5.8
2844,7.2
14,7.4
1954,6.5
627,5.9
10,7.7
507,6.1
6594,7.3
1268,6.4
76468,8.5
296,5.8
617,6.1
6608,6.1
2991,6.9
141,6.4
62,7.1
1480,6.7
1115,6.3
1799,5.8
1015,6.7
806,4.7
10,6.0
205,5.8
725,6.0
2234,6.7
44261,5.6
16,7.2
622,6.7
104,6.5
27,4.7
4659,6.4
231,6.8
62,7.2
2283,6.8
2012,7.4
25,4.7
8743,7.4
8385,5.6
340,5.9
2491,6.3
52,6.5
574,6.5
133,6.5
33298,6.7
317,3.7
278,6.1
932,6.1
739,6.4
58,6.7
2926,6.0
28,6.2
757,6.5
278,5.1
27129,7.1
16030,7.6
37099,6.7
14,7.0
34,7.2
67293,6.8
9810,7.3
633,6.5
47,7.6
35,6.5
49,7.4
182,6.3
127,5.0
16325,6.4
306,4.8
32,5.4
285,4.5
5175,6.3
5491,5.8
479,4.3
95,9.4
277,3.7
125,6.2
938,6.1
235,6.4
41,5.1
44,5.9
2681,6.5
75,5.7
22,7.0
44,6.0
269,7.6
19,6.4
241,5.6
3345,6.4
5980,6.7
203,5.0
629,5.4
1748,6.7
41375,5.8
123,4.3
2066,6.3
6,6.0
111,5.4
7661,7.2
83,4.7
9118,7.3
61,6.9
14354,6.7
238,7.3
65,6.6
207495,7.3
205,6.8
2515,7.1
1413,6.4
5651,6.5
310,4.5
30,7.8
80,7.2
90,5.8
1278,5.5
169337,7.0
94,6.7
175,4.2
122,5.6
15376,7.7
354,5.8
205,5.9
6165,6.0
2736,4.9
38,6.9
27719,6.7
228,5.8
205,4.6
75,6.6
47,7.3
83,7.1
245,6.9
91,6.4
4437,5.9
9,6.6
25,6.8
10,6.3
828,6.3
34,7.4
4248,7.0
3833,6.1
656,6.5
334,5.2
2484,5.8
473,6.0
62,6.6
82813,6.5
344,5.6
506,6.7
41,7.1
35,5.7
78,6.0
73,5.5
569,5.9
91,7.1
255,6.4
420,6.8
730,6.9
111776,6.7
2159,5.5
293,6.3
269,5.8
1485,6.3
50315,5.1
148,7.2
206,6.5
494,7.2
260,7.1
19072,6.1
9458,7.4
300,5.9
68,6.8
76,5.2
1806,6.9
675,6.6
70,6.2
645,6.1
62,7.3
770,6.6
33,5.9
1057,4.0
669,6.6
1011,6.0
1425,5.9
525,7.6
320,6.6
55,7.2
76,5.5
188,5.1
36,5.9
89,5.8
2070,6.4
104,6.9
56,6.5
599,6.4
210,4.9
1408,7.2
4706,6.5
815,4.6
922,7.2
1447,6.6
500,6.7
157,3.2
2723,6.3
133,6.4
263,6.4
3932,5.8
161,6.6
421,6.4
25,7.1
65,7.1
246,6.7
687,7.2
19132,7.5
197,5.7
669,6.3
486,5.8
77,7.3
1510,4.4
598,5.0
189,6.7
478,6.6
2980,6.4
436,7.0
64,6.6
36,6.7
23,6.3
200,7.6
358,5.4
123,5.5
59,6.6
192,6.8
23763,7.2
1272,6.1
2385,6.7
372,6.6
352,6.1
378,5.4
112353,5.7
403,6.0
27,6.6
51,6.1
28,7.1
75,4.8
320,6.5
393,6.4
2102,7.0
7017,6.5
27,6.6
512,6.4
41,5.1
388,6.9
47,6.9
24,6.8
6966,6.4
964,4.8
356,6.0
103,5.8
298,5.7
109,7.3
159,6.3
2616,6.2
691,6.6
27,7.3
394,5.7
548,4.4
89,7.8
207,6.2
367,7.1
255,5.2
180,7.3
2696,6.8
1600,6.4
19,5.6
11390,6.4
446,5.4
13873,5.7
126601,6.4
186,5.5
28,6.2
434,6.5
312,6.5
127,5.4
1878,6.3
294,4.9
197144,7.1
260,4.1
881,6.8
4818,6.4
15306,6.4
62,5.8
2042,5.6
150,7.3
94,5.5
7583,6.4
929,5.5
99,6.5
451,6.5
257,5.3
41,6.6
833,6.5
3265,6.9
1792,6.2
3747,6.6
1068,4.5
70,6.9
921,4.6
650,6.4
62,7.2
13,6.8
20186,5.7
8713,6.3
135550,6.8
172,5.3
5206,6.8
184,5.0
24,8.1
1021,6.6
254,5.3
23,5.2
2263,7.0
100,6.8
2579,6.8
53,5.2
75,6.9
22,5.5
71,6.6
403589,7.5
49,7.3
164,6.7
8850,6.8
352,7.0
18,8.5
7,4.7
142,5.6
1122,6.7
22654,6.8
7468,7.0
59,5.7
56,6.6
347,6.0
14673,6.8
102,5.9
4983,6.5
176,7.2
16,6.7
633,6.2
38,6.1
612,5.7
514,5.2
11,6.9
7592,5.6
17,6.4
35,5.8
16751,7.3
479,5.4
22,6.8
14368,4.6
75,6.1
280,6.0
157,5.6
395,5.6
2311,4.1
33,6.7
997,5.4
923,6.3
37,6.0
6158,7.6
49,7.3
581,6.8
93,7.4
202,6.4
572,5.2
1386,6.9
36,6.9
8834,6.9
1825,5.7
30,6.5
39,5.7
662,6.7
12070,6.8
17,7.1
54,7.1
93,5.0
211,5.5
1172,6.9
44,7.0
193,5.8
89,7.7
170,6.1
105712,7.6
422,5.3
59,5.4
31,4.3
3250,6.0
856,6.3
34,6.2
2053,5.8
3453,6.8
37,5.6
19,6.0
7512,7.1
155,5.8
15281,6.5
1065,5.7
9,8.1
769,5.4
2325,6.1
48,7.5
1653,6.2
262,5.8
1257,6.5
257,6.0
20,6.9
351,6.7
121,6.3
196,5.8
1433,6.1
43,6.0
4627,5.6
26,7.5
42,6.0
222,5.4
538,6.6
20,7.1
640,7.0
1298,6.7
66,5.5
2040,7.3
848,6.5
71101,6.1
97,6.4
828,5.8
1098,5.9
243,6.3
2687,6.1
247,6.6
16142,7.2
17541,6.7
67,7.9
641,5.6
126214,6.3
29,8.7
278,5.3
2162,4.0
25,8.0
101151,6.0
12,7.5
1925,5.7
1604,6.3
16767,5.3
4302,6.5
536,6.6
2383,5.3
25661,6.7
15045,6.0
118654,5.7
106161,7.9
6,8.2
4139,5.8
7114,5.3
32,5.3
1061,6.7
2845,7.2
548,5.9
21,5.7
39,6.0
9,5.9
1604,5.7
40613,5.7
1393,6.7
2028,7.0
56,6.1
749,6.2
2200,6.1
5754,6.7
83710,6.6
29,7.1
240,7.3
629,7.3
80,3.7
113,6.1
13,6.1
25,5.6
441,5.8
11986,6.7
42,6.7
24,5.0
7,6.2
214,6.2
123,7.2
8534,6.4
10457,6.5
162,5.8
23,5.5
347,5.4
288,5.4
838,6.5
310,4.4
23,5.6
63,8.1
153,6.1
5088,6.1
2116,6.4
5516,7.1
11,6.4
1845,6.7
132,5.2
770,7.1
3222,6.7
2358,5.8
79,6.2
648,4.3
179,6.2
106,6.7
72,6.4
1176,6.4
42,6.6
378,6.2
226,6.9
8250,7.1
449,6.4
824,6.4
160,5.1
547,5.7
22342,7.6
603,5.6
4227,6.1
157,6.5
203,7.1
73,7.0
129,5.6
57,6.7
1620,6.4
838,5.0
3916,6.1
8661,6.2
249231,7.9
19592,6.3
108442,6.4
43392,5.9
307,7.8
1185,5.2
6229,6.6
3144,6.8
7911,6.7
7681,6.7
63,5.8
21389,6.8
299,5.2
15410,7.3
10010,7.0
718,6.1
17869,7.4
8,7.7
2095,6.4
317,6.9
410,7.2
2722,6.1
259,7.1
41201,6.2
18006,7.5
441,6.2
628,5.7
237,6.1
499,6.3
181,5.4
163,6.2
46,5.8
1671,6.7
3273,6.7
11968,6.9
3074,6.7
346,6.2
2162,5.6
12066,7.1
936344,8.5
27,6.2
37,6.1
44,6.5
420,6.3
160,6.9
17503,6.1
3474,5.9
1856,6.1
14,6.7
13,7.0
5117,6.6
2426,5.0
8033,5.9
97,6.4
156,7.1
4184,7.2
101,5.6
51,6.7
86,6.1
751,5.2
357,6.0
1681,6.5
563,6.1
282,6.1
76,3.9
512,5.5
884,5.4
133476,7.1
388,6.0
307,5.6
10007,7.0
112,6.7
602,5.9
147,6.9
20,6.7
346,4.8
1573,6.6
57,7.5
1466,6.6
7314,6.6
848,6.1
1866,6.1
149,3.6
11,7.4
231,6.5
637,5.9
13292,6.8
136932,7.7
1670,6.8
12649,6.6
467,6.7
1072,4.9
3112,6.3
176,5.0
5,6.4
850,6.9
224,4.7
693,5.5
259,5.7
481,6.3
96,3.2
57,7.0
94,5.8
18,7.2
82,7.0
6473,5.5
509,6.6
13,6.5
920,3.9
1626,6.6
1707,6.3
4501,5.9
49,5.8
158,6.3
32,7.2
108731,7.2
25236,6.4
1954,6.8
435,5.6
109,6.7
184,4.7
943,4.6
109,4.9
3662,5.9
567,4.6
3194,6.0
55,4.7
260,7.3
23,6.8
806,6.4
84,7.7
416,6.3
829,5.8
959,6.1
174,6.2
1423,5.1
544,7.2
4303,5.5
61,5.4
84573,6.3
27,6.3
5880,6.6
1833,5.6
7853,5.7
11808,6.7
11,6.7
988,6.3
897,6.0
1055,5.9
1589,6.4
1991,5.1
469,6.2
13,5.2
1147,6.9
264,6.3
3532,7.0
2977,6.6
118,5.8
2364,5.0
407,5.2
8855,6.9
1126,5.2
1113,6.3
39,5.9
433,5.6
21280,6.5
150,4.1
33,7.7
11,7.2
789,5.7
169,6.9
31,7.1
62,7.5
56,7.0
225,4.2
1655,6.5
9185,6.2
241,6.4
48,7.6
5966,6.5
77,5.3
539,6.3
66939,7.6
455,5.4
1181,6.9
425,5.6
146,6.6
76,7.2
1913,6.6
1886,5.1
3581,6.1
724,5.8
20967,5.6
1022,7.1
4488,5.2
637,6.3
73,6.0
9180,5.9
27,6.0
38,6.2
24772,5.2
57,6.9
5450,7.6
13054,6.2
2385,6.1
13574,7.4
39,7.1
50,7.1
206,7.4
331,5.6
106,5.6
849,4.9
47,7.1
1652,7.6
260,4.3
2919,6.7
134,5.2
145,5.4
121,5.2
13018,7.3
615,5.6
23,7.1
171,4.8
90,4.1
251,5.7
5029,6.3
535,5.7
49,6.6
4166,6.1
3935,5.4
1920,5.3
19,7.7
222,5.8
4287,6.0
106,6.1
234,4.1
261,6.0
481,5.0
406,6.0
20,6.3
116,6.7
11318,7.0
135,7.4
77,6.9
192,5.8
24,5.4
10729,7.1
23,6.3
59,6.9
58,7.3
57,7.0
2889,6.1
336,6.1
137,6.4
193,5.7
1131,4.7
36,6.5
72,5.9
59,5.8
186,4.8
230,6.2
90,5.0
2756,6.3
2584,6.1
263,5.8
88,6.3
246,3.3
835,6.8
22409,7.8
2501,6.3
1436,6.2
3693,7.1
189,4.2
3228,5.8
379,5.1
168,5.8
130,5.8
65,6.6
19973,6.4
181343,6.6
706,6.2
442,4.7
2036,5.9
1628,6.9
108,5.4
2323,8.0
65,6.8
328,5.7
236,6.6
51,7.0
33,6.9
61,6.4
72,7.8
28719,7.4
25,6.7
26,7.3
608,6.2
34,7.5
1686,6.9
162,4.8
13953,6.6
24337,5.3
14,6.2
30,7.0
392,7.1
621,5.7
681,4.4
196,6.0
3028,7.1
260012,8.3
58,6.3
116,6.7
855,5.5
171,4.9
55,6.8
368,5.3
8,6.3
347,5.3
2366,6.2
13297,6.7
233,5.3
5222,7.7
121,5.8
1369,7.5
149,5.7
711,5.9
13169,7.0
568,6.2
627,6.4
4733,6.4
5788,6.8
2794,7.3
74398,6.6
396,5.5
141,8.0
265,5.1
179,5.4
281,6.2
9,7.6
22389,7.4
1061,5.3
3902,5.4
1381,6.5
4105,7.2
5354,3.6
14882,6.5
11683,7.5
614,7.1
14,6.0
1518,6.1
26188,7.3
5397,7.2
2369,7.1
219,5.7
94,5.8
2958,5.5
100,6.0
228,6.6
1712,6.6
62,5.3
1184,7.1
864,7.1
14051,6.3
3390,6.0
261,5.9
2197,6.4
2117,7.6
14,6.5
4660,7.5
211,5.4
45,6.5
247,5.6
371,6.0
668,4.3
63517,8.0
54,6.5
8,5.4
1118,6.1
207,6.5
38,6.9
78,6.9
479,4.4
1179,6.8
1175,6.7
5572,6.5
526,6.1
589,6.6
8896,5.4
17,6.8
19720,6.9
4002,6.1
1979,6.8
962,5.0
1930,5.5
4541,7.3
1375,7.2
1734,6.9
8206,6.6
21,7.1
45541,7.0
1901,6.3
6,7.6
79,6.2
264,5.6
906,6.9
218187,7.6
182,5.3
643,6.4
954,6.1
51,7.1
5148,6.9
520,6.0
68,7.5
1461,6.5
18236,6.6
66,5.8
152,7.1
2151,4.2
886,6.2
41,5.8
2489,6.2
313,6.2
53,6.3
308,6.7
524,6.0
264,4.0
115,5.8
2561,6.2
2018,6.3
198,7.2
27111,7.0
118073,6.9
56,6.8
1254,3.8
49,6.5
1575,6.0
5333,7.0
270,5.5
4022,7.8
4069,7.3
27873,8.0
16606,5.4
21,6.8
663,6.0
15334,6.9
6062,5.8
277,7.0
12,7.5
132118,6.9
1867,7.6
67,7.2
509,5.7
940,6.8
24,7.2
351,3.8
531,6.3
5490,6.5
626,6.1
1460,6.0
2928,5.7
7,5.7
5596,6.5
93,5.6
355,4.5
15,5.3
1256,5.7
248662,6.9
140,6.7
57,5.9
7388,7.1
6,3.8
34483,7.3
445,5.4
658,6.5
301,5.8
122,6.8
147,6.2
1395,6.1
26,7.5
46,7.6
8695,7.0
1202,6.8
2296,6.6
885,6.1
191,3.7
212,6.2
209,3.8
193,4.2
104532,6.1
346,7.5
367,6.7
17,4.5
33820,6.2
10660,7.4
22,6.9
76,7.7
1782,7.3
363,6.6
216,5.7
86,6.4
1023,3.3
429,6.0
713,7.1
20,7.2
536,6.7
138,6.1
550,7.2
26,6.8
60,6.4
20091,7.0
1649,6.9
740,6.5
26,6.9
211,6.6
8,7.1
21,5.6
3880,6.7
65,6.2
153,5.9
47,5.2
147,5.0
973,6.5
452,5.5
9940,6.3
4671,6.5
30,6.6
9,7.0
43,6.0
9213,7.1
54,7.6
107,6.2
455,7.6
365,6.4
564,5.8
233,5.9
789,6.3
1032,6.4
24032,6.2
1545,7.9
526,5.2
13,7.5
90,7.4
1646,6.7
30,7.0
136,6.6
703,6.4
135,7.3
32,4.9
2100,5.9
292,5.9
592,4.3
79,3.7
90,6.8
1857,6.6
3955,6.5
222,6.1
13,6.6
188,5.2
1393,5.9
371,6.0
24,7.4
79,5.9
16,7.8
22872,6.0
12,5.9
90,6.9
165,5.9
24,7.6
277400,6.9
155,5.8
435,6.3
14,6.6
24,5.8
312,5.3
94,6.8
9,6.4
21,6.9
16766,6.5
1807,6.6
5195,6.5
88,5.6
286,6.2
1479,6.7
409,6.5
68,5.4
102,4.5
114,3.9
226,4.9
198,5.5
90,5.5
505,6.3
2848,6.5
765,7.0
164255,7.4
877,6.5
379,6.6
21,7.8
16,7.7
1280,5.7
8,6.0
39,6.2
528,6.1
363,5.7
125,4.7
425,6.5
564,5.3
117,6.7
70534,7.4
9255,6.1
535,4.2
33244,6.4
21,6.3
675,6.0
26291,7.4
528,3.8
354,4.9
960,5.6
7342,7.0
859,5.6
136,6.7
338,5.9
386,5.8
6,6.2
27,7.0
12755,6.8
153,6.0
724,6.7
3797,7.3
252,6.3
76,6.1
3196,6.9
25,7.5
49156,7.0
66,5.8
300,6.1
168,5.9
387,6.7
142,5.3
1923,6.9
2482,7.2
39,5.7
434,6.0
1138,7.2
93,6.4
52,6.6
114,7.2
8750,5.3
753,5.4
176,5.5
884,6.9
29,6.5
209756,5.6
334,5.3
6895,6.4
877,4.4
243,5.7
21272,5.7
286,4.3
1649,6.1
149369,5.3
410,6.7
40622,6.1
36886,6.2
1472,6.0
7,6.2
221,5.6
1992,6.9
57,5.6
707,6.0
367714,8.3
5822,6.1
88,4.9
140,5.4
18,5.8
80,5.5
38,6.3
1043,6.4
425,6.4
2312,5.8
60,6.1
142,6.2
223,6.4
878,6.2
64,6.0
192,4.4
493,5.8
35,7.0
1511,6.3
67786,7.2
28,5.1
1387,6.5
166,6.3
1006,6.7
21,6.3
8,7.4
13,5.5
176,5.9
30,6.0
124,6.2
325,5.9
691,6.4
8,8.0
1775,7.7
238,6.3
988,5.4
6700,7.9
469,6.5
434,6.1
276,6.1
185,6.6
10,6.5
49,6.2
27,5.2
1344,6.3
239,5.6
225,4.7
92614,5.6
275,4.6
491,7.4
31,6.4
11,7.9
290,7.1
352,6.3
783,7.2
176,5.4
320,6.3
466,6.2
71,6.3
256,6.9
78,6.2
71,6.3
268,6.2
378,6.1
135,6.1
448,5.9
6,7.2
6005,6.5
1394,5.9
324,5.3
7496,7.3
2514,6.6
267,5.7
87,5.7
565,6.7
381,6.6
1144,7.6
2556,6.4
829,5.3
8282,5.9
74,5.9
826,6.7
31,7.9
43029,6.2
98029,6.2
237,6.3
327,5.2
580,4.4
1899,4.8
884,6.6
3007,6.8
43,7.1
55,6.2
18438,7.3
43,6.3
1380,6.5
641,5.4
712,6.2
27,8.4
16,7.6
71,5.9
20,6.1
20,7.1
205,5.4
241558,5.7
11781,6.3
88,5.8
26,6.2
303,7.1
56,6.6
7,7.0
365,7.2
125,6.0
72,6.6
78,6.6
129,4.5
59,6.2
452,5.2
4537,5.7
2899,7.1
10526,6.2
783,4.9
380,6.1
135,5.9
51,7.5
180,6.2
408,5.9
32,6.4
346,6.3
15,7.5
146,6.8
150,5.7
219,6.9
296,5.5
80,7.8
275,6.1
33,7.0
15,7.2
24,5.7
27,8.1
3168,6.6
4354,5.6
615,5.3
229,6.2
105,5.7
2871,6.0
32,6.3
1017,5.4
3142,6.1
198,8.1
291,5.9
417,7.4
1998,6.5
7636,6.6
60,5.3
16,7.7
32,7.5
14275,6.6
301,6.9
1334,6.4
140,6.4
141,5.8
18,6.9
87,5.3
353,6.4
56,6.9
551,6.5
135,7.4
595,5.4
116,6.2
135,6.6
2183,6.2
15953,5.7
1256,5.7
721,7.0
852,5.8
30098,6.4
198157,6.4
34,7.0
75,6.5
6,7.2
1183,5.9
1603,7.8
164,7.3
1443,5.8
1969,4.8
361,5.5
39469,5.7
6,7.0
8026,6.2
16,7.3
49,7.0
483,5.6
12,5.8
2835,6.7
14,6.4
19923,6.7
117,6.0
305,7.1
12,5.8
279,6.9
98,6.0
2928,6.2
36,6.8
623,4.1
2376,7.4
13243,7.5
2293,5.7
117,6.8
95,7.2
24599,6.7
138,7.1
10681,7.2
33,6.0
3940,7.2
225,8.0
529,5.0
35,7.3
100145,5.3
25,7.6
1087,6.7
4085,5.2
791,7.2
14,7.6
47,7.0
164102,7.7
79,5.1
673,5.7
67,5.6
58,6.1
27,8.7
56,6.7
1748,5.4
16,7.8
78,5.5
7,6.3
175,7.3
83,8.2
2527,5.6
948,6.3
2609,6.4
75,6.9
569,5.6
124,7.6
4346,5.7
2613,5.3
79,6.8
119,6.7
195,5.7
69,5.1
1145,5.4
1262,6.7
221,5.8
480,7.0
260,6.3
5303,6.3
1869,6.7
18,6.7
1485,6.8
343,6.5
69,5.6
9568,7.5
364,6.4
48,6.2
9,7.0
28,7.0
2160,6.6
102,5.9
11,6.5
15,6.6
22193,5.9
5910,7.6
739,5.6
53,7.0
62,7.3
58,6.3
8067,6.6
217231,6.9
271,5.1
22664,6.4
729,4.8
916,6.0
29508,7.8
3252,7.0
180,5.4
4447,4.8
656,5.5
46,6.9
1079,6.0
3810,6.5
64,5.9
178,6.8
197258,6.1
49837,6.0
1021,6.7
452,7.2
2700,6.8
17,8.0
577,6.0
23,7.6
812,7.3
74,4.7
1529,5.3
20,5.8
217,5.8
267,6.7
18820,5.9
595,5.7
793,7.0
61277,7.8
139,6.4
3418,6.1
1375,5.7
9,6.4
134,6.3
302,5.1
2025,6.8
97929,7.7
91,5.7
186,5.1
477,7.3
170,5.6
158,6.4
58,6.4
21,5.1
64,6.9
38,5.8
1090,5.6
2187,7.2
30,6.5
202,7.0
675,6.6
59,3.0
47,5.0
608,5.6
51207,6.3
3272,6.1
9152,7.1
115,5.8
447,6.7
389,6.2
2042,7.3
1356,6.4
179171,6.4
5317,6.0
796,6.6
1154,6.1
1498,6.0
5195,6.7
5027,6.7
403,6.2
24569,7.8
140,6.8
12,6.8
506,5.4
810,6.1
411,6.9
66,6.5
161,6.0
235,5.8
20,5.8
5,8.0
15,7.4
1748,6.5
1874,6.3
392,3.1
98600,6.6
2698,6.1
11,6.9
1023,7.3
516,5.4
1172,6.0
299,5.1
150,4.8
8709,6.4
7083,6.9
1880,6.2
17,5.9
172,6.3
85,6.2
496,6.4
21258,7.2
36024,6.6
20,5.4
960,6.0
102,4.7
200,6.1
191,6.1
311,7.1
478,1.2
684,7.7
26,6.3
6354,5.8
30,6.1
25625,5.0
48025,6.2
378,4.5
219,4.4
1611,6.6
274,5.8
699,4.7
603,6.5
44,6.1
26,6.6
123600,6.3
91,6.7
51063,7.7
196,5.2
15525,6.4
97,5.4
21051,7.1
3406,7.6
15141,5.1
642,6.4
2102,7.0
244,6.3
62,7.4
1302,5.9
2168,5.7
700,6.5
19358,6.9
1542,5.8
36,7.3
92,6.9
48,6.0
357,5.3
489,6.9
41,5.6
7,5.3
4767,4.6
563,5.4
205252,6.0
19,7.7
31355,6.8
1232,6.6
57,7.5
41,7.0
178,5.5
392,6.3
47,5.7
44,7.0
29,6.8
457,5.5
38,5.1
26,6.6
2559,5.5
27302,6.8
3355,7.0
23,5.9
40,7.3
4081,5.3
85,5.1
685,5.6
1350,6.8
1980,6.4
4565,6.3
23457,6.5
43519,5.8
124,6.1
945,5.5
62,7.8
350,6.4
104,6.5
545,5.7
1147,6.5
14,6.5
1510,5.8
779,4.4
1196,7.2
673,4.6
470,7.2
208,6.3
369,5.5
208,5.4
74,5.3
280,7.1
36,6.2
1550,6.3
201,6.0
327,6.5
224,4.5
237,6.7
167,6.6
15020,4.8
44,5.1
5764,6.3
296,4.8
101643,5.5
1448,6.3
879,6.6
11,6.5
733,6.4
140,4.5
227,6.1
14,4.5
198,5.2
224,6.0
3955,6.4
263,5.9
15,6.5
310,7.7
10,6.4
17,6.1
200,7.2
8,6.3
351,7.2
67,7.8
232,6.5
456,6.3
8,8.0
122,4.9
21,6.9
2833,7.1
298,6.8
34,6.4
677,5.4
19,7.3
27,5.3
258,7.8
51,7.1
333,3.8
13367,6.7
180,6.7
507,3.8
430,5.9
9,6.6
117,6.5
182,6.6
408,6.8
763,6.1
64,6.3
8,5.8
15,5.9
338,4.7
893,6.8
42,7.0
477,7.0
15,7.4
172,6.8
32,7.7
84,5.2
307,6.5
2605,5.7
579,6.3
1105,6.4
85,5.5
140,6.3
41,6.5
497,6.4
42,5.4
399,5.7
899,5.7
92,6.0
325,7.1
164,7.1
56,6.0
23,5.4
332,6.7
257,6.2
79,5.5
898,4.9
23,5.8
390,4.9
361,5.9
22,6.8
324,5.3
82,7.6
134,6.4
10135,5.6
71,6.7
9,6.0
396,7.0
19,7.9
6530,6.1
13090,6.2
3060,5.5
332,3.7
166,5.7
185,8.1
296,6.9
16,6.6
380,6.2
9974,6.1
60915,7.4
13512,6.6
59,6.6
37,7.5
530,7.7
4383,5.9
47,5.9
50707,7.3
10,6.9
99,5.6
7,8.1
7125,7.3
28,6.2
17,7.7
37,7.1
116,7.0
78,6.5
3090,7.4
707,5.9
1369,6.0
38475,6.7
130,5.6
644,7.0
217,7.4
14,6.0
55865,8.0
3637,6.2
1001,6.4
30946,7.3
13,7.8
45,6.6
174,6.5
69,6.9
178,7.3
30,5.5
1851,6.1
197,5.9
1644,5.5
6904,6.4
194,5.6
873,5.4
99,5.8
1003,5.9
45690,7.0
201,4.5
325,5.3
336,6.7
1748,5.6
4439,2.1
191,6.8
5479,6.8
3771,6.1
41,6.5
60,6.8
2652,5.9
558,6.8
411,6.2
186,5.5
2891,6.2
1488,5.3
63,6.1
1888,7.2
1071,6.5
697,6.2
1223,6.3
945,6.5
361,6.3
351,5.9
45,5.3
31,6.0
674,5.9
335,5.0
5416,6.8
597,6.4
12985,7.1
16169,6.9
3543,7.3
16,5.1
605,5.0
44,7.3
281,6.2
194,5.5
113759,6.2
71169,6.5
796,6.6
538215,6.4
43663,7.3
672,6.7
2598,7.0
167,6.0
498,5.8
31,6.6
59682,6.6
47,6.3
3540,6.8
115,7.3
89,6.2
10076,6.4
3408,6.2
844,4.7
122,7.7
113,6.8
535,5.9
1608,6.6
1181,6.1
103,6.8
263,6.1
9192,5.4
3832,5.3
1879,6.1
187,6.4
88,7.2
469,6.5
12357,7.1
8873,7.2
58,5.1
45,7.3
3638,6.3
45112,5.2
561,3.8
694,5.0
522,7.6
642,5.7
2731,6.6
4437,4.9
166,5.2
44,5.8
1601,5.2
163140,6.4
683,6.9
2193,6.9
2362,5.4
116,5.2
154,5.1
47697,6.1
388,6.3
60,5.8
340,5.1
83,6.3
3854,6.9
41,2.4
319,5.7
3435,6.4
169,4.5
235,6.0
21,7.1
9,5.8
32,6.7
352,6.7
1284,7.3
4120,6.6
12170,6.7
7785,6.8
71069,6.3
3093,6.0
682,5.6
3521,6.2
34,5.8
370,4.8
10016,6.5
1146,6.4
93,6.6
1013,6.6
344,5.4
43,6.9
578,5.8
231,6.4
6919,7.7
56927,6.8
26531,6.4
44918,6.9
661,5.3
4260,6.2
19523,6.5
361,4.3
7538,7.2
5324,6.4
1791,4.8
65,5.2
641,5.2
21,6.5
2346,5.3
95,5.9
133,6.1
849,6.4
75,6.2
1191,6.1
142,5.9
50,5.9
2167,5.8
1039,6.4
6985,6.7
3012,6.1
389,4.3
178,7.2
195,5.8
3121,6.9
472,7.9
160,4.0
746,6.1
4586,5.9
5882,7.1
311,5.9
290,6.3
1950,7.5
34,6.5
1776,6.3
290,6.2
392,4.6
324,5.5
5602,6.9
10793,6.1
84,6.1
233,7.1
52,7.4
100,5.8
2046,6.7
118,5.9
47,6.1
62081,7.8
609,6.0
11158,6.6
1897,6.3
84,5.8
1156,6.5
4356,6.7
921,5.6
175,2.6
650,6.0
3204,6.1
12548,7.3
898,5.3
520,5.8
477,5.4
972,5.4
422,5.6
349,6.4
6292,6.6
3367,6.2
379,6.6
48,6.4
162,5.8
527,6.6
506,6.9
1260,6.4
69,5.6
3719,6.3
192,5.5
3090,6.7
560,6.8
97,8.1
33,6.5
202,4.9
47,7.8
183,6.6
880,6.5
414,4.6
30,7.4
147,7.5
422,6.3
31400,6.4
38,5.1
6703,4.5
2432,6.9
2176,7.1
18517,6.4
98,6.0
42,7.0
1327,6.3
297,5.9
83522,7.3
1320,6.2
144103,7.5
863,6.0
3186,6.4
8860,8.6
44,7.0
316,6.2
401,5.5
30,6.6
52,6.0
102,5.0
88,6.2
21,6.6
165,5.5
35,5.6
753,7.4
7887,7.0
50,6.3
26,5.4
40,6.4
305,6.7
17034,6.9
89,6.4
2674,6.7
660,5.0
17379,6.7
155,4.7
117,6.5
776,5.9
162,6.3
323,6.6
543,6.2
231,6.4
18356,7.1
7204,6.7
20,5.0
78,6.0
9305,6.0
8494,7.2
249,5.6
551,7.0
142,5.5
160,6.9
1972,6.5
178,5.6
2832,6.6
686,6.1
212,6.0
3013,6.6
254,5.1
34,7.2
1757,6.4
416,6.1
518,6.5
311,7.0
1655,6.3
64,7.0
301223,7.1
17965,5.8
1608,7.2
663,6.8
14254,7.1
381,6.3
852,6.5
667,6.6
138,5.8
4766,6.4
1797,6.6
2064,6.5
135,6.9
399,5.9
48,6.6
514,4.5
1453,6.7
240,5.4
59,4.9
18077,6.3
251,5.7
1445,6.6
22,6.2
1020,6.6
14,5.6
895,6.9
94232,5.7
611,5.7
1886,5.5
390,7.3
848,6.3
4065,7.2
4786,6.7
29958,7.3
133,6.0
407,7.3
448,4.8
1297,4.6
150,4.9
95,7.2
9346,5.4
1419,5.5
606,6.2
204150,6.9
609,6.5
89,4.7
1100,6.6
520,5.5
1007,5.8
690,6.1
738,6.3
59,6.3
94,6.6
170,7.1
332,6.2
91,5.6
1059,6.0
1039,5.7
643,4.3
852,6.2
114,4.4
67898,6.4
1573,6.5
6068,6.7
7399,6.2
10106,6.9
3821,6.8
1534,6.4
39038,7.5
2904,5.7
591,6.3
229,6.5
152,6.7
23639,8.4
223,5.4
333,7.5
193,6.7
404,6.3
114,7.1
178,6.5
29,4.6
9387,6.8
104,6.4
501,5.7
40,6.3
60,6.3
56,7.3
22652,5.3
1406,6.6
16,8.1
82,5.1
314,5.9
1735,4.4
2601,6.5
71457,7.1
1676,7.3
520,6.3
147,5.2
46,5.0
6445,6.9
9817,6.7
27,6.5
372,5.5
16,7.5
7219,7.3
499,6.7
17072,7.5
60,7.5
52,6.6
133,6.5
805,6.4
15461,6.9
109,5.9
121,3.6
85,7.2
50,6.9
1207,6.1
67496,6.1
125,6.2
8,7.8
42,5.6
1669,6.5
40738,6.2
3876,6.9
35194,7.1
6744,6.6
915,6.4
371,5.9
768,6.6
271,6.2
2346,5.5
121,6.4
970,5.6
1641,6.7
1125,7.1
1222,6.3
444,6.3
18,9.0
78,7.2
324,6.8
283,6.1
3524,7.3
1766,5.1
3430,5.5
119,6.7
53,4.8
52,5.9
3627,6.6
65,5.3
54,6.3
49,5.7
255,6.3
367,6.5
47,6.8
329,6.8
29,5.0
364,5.7
8122,7.1
419,6.2
157,6.0
3090,6.7
1613,5.5
118,6.7
3152,6.8
382,5.5
66,6.9
619,6.1
1313,4.7
172,5.2
84,5.8
451,6.5
564,5.2
440,7.7
245,6.4
39,7.3
418,7.2
187,6.3
98,6.3
141,6.0
54,6.8
165,6.6
288,5.5
41116,7.6
66,5.0
1810,7.3
548,6.4
178,5.6
78,4.7
294,6.9
457,4.4
84,8.3
406,6.8
93356,6.8
57489,7.0
449,6.9
244,6.7
706,6.6
674,6.2
63,6.1
146,6.9
1802,5.5
682,6.0
14,7.4
25416,7.0
42,4.8
522,4.2
470,5.0
167,6.6
2201,5.7
25,6.8
831,5.4
9,6.2
3811,6.7
701,3.7
52355,7.3
16,6.9
2018,5.1
2724,7.2
1093,5.8
4860,6.8
269,6.2
630,6.8
355,7.0
1680,6.1
5591,5.9
115,5.9
400,6.3
170,7.3
4869,6.0
5719,6.7
26371,6.8
16936,7.2
1692,6.6
3434,6.8
587,6.5
6749,6.2
4447,5.7
38,5.6
92,6.2
39,6.2
110797,6.0
10,5.9
2430,5.8
11544,5.5
868,5.4
14824,6.9
2347,6.1
87,7.0
797,6.8
3280,7.1
6652,5.1
3244,5.1
88,6.6
1562,6.4
107,7.3
14,4.3
46,4.5
730,5.8
3010,5.5
707,7.2
1453,6.5
139,6.1
77,7.5
1130,6.2
506,5.5
197,5.3
776,6.5
1679,6.5
104,3.8
21,6.0
97,5.7
1086,6.2
196,6.1
87,6.5
1971,6.3
197,7.0
2166,5.9
498,4.9
54744,7.2
4757,4.9
99,6.5
18,7.7
238,5.6
4542,6.8
816,5.4
3466,5.9
800,6.5
4513,6.2
2420,6.6
765,6.6
2238,6.7
3582,7.1
818,6.4
4311,5.7
73,4.7
49,5.9
305,6.3
795,4.9
110,7.7
346,5.9
10,7.0
1919,5.9
146,5.7
117,6.6
16151,6.0
165,6.4
61,5.7
101,6.6
1784,7.2
87,5.9
100894,5.4
122,5.7
7631,5.9
185,6.6
12905,7.4
362,6.4
206,6.1
288,5.2
566,5.8
181,6.1
408,6.2
7310,7.2
455,5.4
3622,7.0
11663,7.3
3881,7.3
2929,7.6
1943,5.8
1980,6.7
24460,5.3
251,5.3
586,6.2
52,6.1
2183,6.3
8273,7.0
7471,6.4
204,5.9
1472,6.7
1195,6.3
539,5.0
223,5.5
5461,6.3
446,5.3
2437,5.9
237,6.1
5696,6.9
1111,5.1
6816,6.8
359,6.5
191,4.3
166,4.8
1416,5.9
745,6.4
3013,4.2
1354,6.8
3607,7.9
60,5.8
62,6.6
6640,7.5
112,6.2
361,4.3
55,6.8
1075,5.7
1607,5.6
78,7.0
5757,7.3
1508,6.5
597,6.9
100,6.0
1382,6.3
2689,4.8
807,6.9
3123,5.5
75,6.0
392,6.2
7171,6.6
245,6.4
269,5.2
882,5.0
546,6.1
79,6.7
95280,7.8
230,5.3
217,6.6
376,6.0
402,5.7
6,6.8
52,6.9
252,7.3
205,5.0
150,5.9
2816,6.7
50,6.6
889,4.2
3223,6.7
7757,7.0
197,7.6
104,7.1
184,6.4
775,6.5
420,5.6
1902,4.8
366,4.1
83304,7.5
40,5.1
168,6.3
1934,6.4
26,6.4
1663,5.3
2168,6.9
46,5.7
13,5.9
1568,6.0
2341,6.2
23,8.4
36,7.3
1178,5.2
8,6.9
456,5.6
14,7.0
1049,6.4
10313,7.2
514,4.9
1010,5.7
10415,6.5
102,7.7
2769,6.5
31566,8.1
2111,6.7
1439,6.3
33,7.4
1441,7.0
25323,6.8
1939,6.1
723,6.5
59,8.1
5707,5.4
8,8.5
1822,6.6
17,5.1
125,6.7
427,6.5
831,5.5
3811,4.6
48,6.1
3072,6.2
114596,7.3
69,6.4
1586,7.1
1294,6.4
61,6.5
1832,6.8
3142,6.3
11087,6.8
9240,6.3
862,6.2
408,6.6
23930,6.1
569,6.4
323,3.5
15,6.6
43624,6.1
685,4.5
5194,6.7
23,6.4
3767,4.0
4910,6.1
293,6.6
10579,7.4
6679,5.3
783,7.5
593,6.3
264,5.5
340,5.9
29,6.2
787,5.5
1956,7.3
4371,6.3
905,6.5
2461,6.5
1959,6.5
1386,6.0
196,6.7
296,6.5
181,4.3
79,7.6
1041,6.4
302,5.8
129,5.5
46,7.2
659,5.0
5365,6.4
459,5.8
45,6.4
75,5.7
131,6.5
362,7.0
41484,5.8
9,5.5
85,5.9
553,4.5
770,5.1
13311,6.0
6444,6.5
118,5.7
1388,6.2
49,4.4
6,7.6
178,5.4
147,5.6
352,6.2
1108,6.6
395,6.7
41,5.2
26,6.0
2110,6.9
1221,7.5
187,6.0
1440,6.1
1906,4.9
1242,6.1
272,5.4
3776,6.3
458,6.1
424,6.7
14800,7.3
2228,4.6
74,6.3
450,5.9
4690,6.7
55,6.6
79,7.3
3041,5.6
542,6.6
21713,6.6
90079,6.9
387,6.7
119,6.0
38271,6.9
616,6.2
78,8.1
70949,6.9
1135,4.4
623,6.8
3705,5.8
77910,7.1
525,5.8
1330,6.7
746142,7.8
53,5.2
398,4.3
356,5.4
1614,4.4
17571,7.5
660,5.6
869,6.4
9358,4.7
669,6.5
1349,6.1
1633,7.0
3636,6.9
3869,5.4
80,6.9
609,5.8
329,6.2
214,5.0
3895,7.1
583,7.8
1233,6.3
1072,6.3
353,5.1
229,5.7
207,5.1
1312,6.4
263,5.4
114,6.0
28783,7.3
4863,6.2
486,6.3
3281,6.5
1429,6.1
380,6.2
129,5.3
69,8.1
7303,5.3
3244,7.0
2685,6.1
6514,7.3
97,6.9
7612,5.9
131,5.2
3578,6.8
175,5.4
3958,7.0
59,7.8
56,5.5
588,5.8
1498,6.7
123,6.5
1195,6.2
2360,5.7
128,6.3
127,5.3
465,6.5
2608,6.8
1225,6.4
577,6.3
474,6.5
267,6.5
695,6.9
27581,7.1
8362,6.9
123,5.8
65226,7.8
273,7.0
527,6.6
815,5.7
2919,6.9
37,7.1
65064,7.7
424,5.7
221,4.6
381,6.3
603,5.5
39148,8.0
1266,7.1
20836,7.4
4147,6.9
84,8.4
146,6.6
324,5.5
2518,5.9
2620,6.2
1439,7.0
89592,7.3
945,2.7
1519,6.6
5559,6.8
1369,5.9
640,5.4
6121,5.9
504,7.4
3322,6.2
11073,7.4
6676,6.1
2076,6.8
1376,7.5
276,7.5
348,6.5
230,4.9
2468,5.5
238,4.7
8,7.1
458,6.0
110,7.2
17079,6.6
379,6.1
1126,6.3
259,5.4
2586,6.9
32,7.1
1747,5.5
1117,7.3
6081,6.3
169,6.3
248,4.2
1664,5.2
3064,6.7
4972,6.0
594,6.4
323,6.9
500,5.8
19,7.9
282628,7.7
69,7.2
8596,6.8
174,7.1
2401,6.5
159,8.4
36,8.0
105,6.4
30,7.9
393,5.7
807,5.9
1417,6.1
1180,6.4
7065,6.6
14,7.8
301,6.9
148,6.9
84,5.1
4182,6.7
13,5.3
89,5.8
222,6.1
657,6.8
448,4.8
237,6.8
353,5.3
197,6.0
471,6.4
372,6.8
45,5.7
431,7.1
17,6.8
112,7.3
321,6.3
250,6.2
9366,6.8
1007,6.8
61,6.9
899,6.5
12033,7.0
53,8.0
22,6.1
128,7.0
197,6.6
5250,7.3
13629,6.3
166,6.6
1552,5.7
2379,7.2
13705,7.8
4728,6.1
2948,6.5
1725,4.9
6216,7.4
496,6.1
977,6.2
472,6.7
1281,6.0
20,5.6
2496,6.6
109,5.2
1384,6.4
1978,6.7
27,7.6
905,7.5
977,6.1
9,6.2
27427,7.2
2492,6.6
142,5.2
14,4.3
987,7.7
10110,6.5
670,6.8
184,5.7
641,5.1
12,7.1
19,6.5
686,6.6
135,7.7
37,6.4
121,5.6
2852,5.5
6036,6.6
496,6.6
1456,7.0
337,5.7
50,6.0
474,6.6
12208,6.9
115,6.2
1134,6.6
1612,5.6
78611,6.2
23,6.8
3051,7.3
35822,7.1
121,6.5
320485,7.8
801,6.1
2013,8.3
617,3.8
2619,4.8
4543,5.6
106,6.4
73,6.8
128474,6.7
3008,6.2
48,5.8
11504,5.4
11,8.0
1041,6.9
131,6.2
159,6.7
1696,7.1
1446,5.0
76,6.7
4340,5.7
2609,6.7
4232,7.4
24,5.1
2237,6.1
370,5.9
37,4.6
604,6.0
410,6.8
23641,7.9
302,6.5
3704,5.5
493,6.4
20,6.4
587,5.7
796,5.3
398,4.6
3491,6.2
1689,6.1
31,7.4
239,6.7
3532,6.1
3862,5.1
27,6.2
190,7.5
620,7.1
52,3.6
103,5.8
3725,7.4
861,6.6
4622,6.2
8,6.7
71,6.5
157,6.1
39387,6.2
390,6.2
12,6.2
132,5.5
180,4.5
17,6.5
243,5.5
176,7.6
7435,5.7
1240,7.1
321,5.7
69,6.5
554,6.2
13,7.8
46,7.7
390,5.2
51386,7.2
484,5.8
49,7.5
995,6.1
14567,6.8
1621,8.1
93,6.1
357,4.4
449,6.0
2925,6.7
1232,5.2
636,5.4
3114,7.3
236,6.8
1527,5.1
970,4.5
105,6.3
1153,6.4
574,6.4
2626,6.4
1595,6.9
666,4.7
51,7.4
10388,7.5
86,6.3
3647,6.3
4099,6.1
149,5.2
242,5.0
413,5.8
22022,6.3
815,7.4
4165,6.1
224,4.6
29,7.5
183,7.1
236,6.1
310,6.4
201,6.1
8640,6.1
4309,6.0
19031,6.8
226,5.1
35,6.4
5,6.0
695,7.8
1425,5.7
40,6.9
127,5.7
487,6.9
295,6.4
154,6.4
5804,7.3
22,6.5
865,5.4
641,6.0
418,6.2
109,6.1
360,6.2
1084,6.6
125,6.8
4098,6.5
2431,6.7
218,6.9
16842,7.4
382,5.2
560,7.2
50,5.7
1164,6.4
1591,5.8
434,5.8
697,5.5
218,5.8
16,7.4
2007,6.4
167,5.5
12,6.5
92,5.7
9,5.9
291,6.5
37,7.0
18,7.5
220,5.4
3076,6.5
209,6.6
15752,6.8
1036,5.7
3365,6.7
475,4.8
395,5.8
194,5.5
40281,6.4
561,6.3
3952,6.1
305,6.2
661,6.7
1208,7.1
4235,6.9
2588,6.7
22891,6.3
266,6.8
380,6.3
112,5.5
258,5.2
27,7.3
261,6.1
60,7.5
10,6.5
2040,6.4
527,5.8
172,2.5
253,6.6
10,6.8
1286,7.0
33,5.4
263,5.2
14,7.2
9389,6.5
23,7.5
141,7.2
12,6.9
521,6.1
80,5.7
1890,7.1
481,5.0
170,4.7
166,4.2
388,5.5
1960,5.4
1412,6.0
107,6.6
1556,5.8
707,6.2
2427,5.0
36902,7.0
35745,7.6
1389,6.3
1464,5.3
315,4.6
34,7.3
182,6.1
2395,6.0
1985,6.9
2095,6.8
215,6.3
1183,5.9
4426,6.2
3243,6.8
44639,6.5
1120,6.9
3382,6.8
90,6.7
1311,6.7
316,3.9
13771,6.2
91,6.7
1729,5.8
26,8.3
771,6.3
291,4.8
13217,7.5
157,5.2
22,7.5
300,6.2
12,8.0
1203,6.0
1273,4.7
38,6.1
7828,6.0
61,6.8
5596,6.3
97,6.2
161,6.2
1490,5.1
61,4.3
287,4.9
2288,6.5
1204,5.5
288,5.0
915,6.3
755,5.2
4880,6.7
1552,6.8
795,5.7
587,4.0
3919,6.9
116,6.7
1428,6.7
3375,6.9
729,6.6
126,6.4
2984,7.1
933,6.0
25047,5.5
4078,6.1
177,4.0
324,6.7
5141,6.5
8653,5.5
3201,6.3
3047,6.4
62212,7.5
105,7.4
71,6.0
1050,8.3
1150,5.1
147,4.6
9759,6.1
1871,6.3
7823,4.9
22,6.8
262,7.1
192,6.5
698,6.4
27,8.1
475,6.3
863,6.0
275,7.0
185,6.6
171,8.0
53,3.9
322,7.6
79,5.9
70,6.5
28130,8.0
193,5.8
63,5.2
639,7.1
489,6.1
29,7.0
94,5.7
6,9.0
935,5.8
56,7.4
11957,6.9
303,5.4
2879,6.6
475,5.5
1939,7.3
23,6.0
2845,6.5
1242,6.3
6338,7.3
2469,6.7
27,6.3
126,6.4
12279,5.3
64,7.3
15,7.3
49166,6.4
3021,7.1
612,5.9
20,6.8
1017,7.4
5319,6.7
21043,7.5
12027,5.9
21834,7.3
31,7.5
2746,7.1
523,7.1
102,5.5
33,5.8
318,6.3
1369,7.5
47,6.7
76,5.8
14,6.1
84,5.7
437,6.3
1743,7.0
448,6.0
1475,7.0
780,7.6
327,5.8
2374,7.0
7843,6.8
1310,6.1
268,6.9
508,4.0
31,7.1
25855,6.7
735,6.9
479,4.2
115,5.4
840,5.4
237,7.3
104,6.0
5227,6.5
15815,6.3
1753,6.4
699,4.4
4576,5.7
10667,5.5
457,6.8
1194,5.7
4973,6.3
8083,7.2
231,6.4
116,6.5
10091,6.7
3243,5.0
9063,6.5
2390,6.6
64917,5.2
1904,6.4
514,2.0
1219,5.9
69,4.0
40397,6.9
48,6.2
26,7.1
231,6.1
803,5.6
1854,6.4
40,4.4
557,5.0
18,7.3
1154,5.8
1228,6.0
28,7.4
75,5.8
591,5.8
652,5.7
1105,4.5
168,6.8
51,5.7
405,5.9
36,5.1
615,5.7
8872,7.5
6321,6.3
3030,6.3
11,7.1
476,6.0
666,7.4
6180,6.3
3629,5.5
308,6.5
3005,4.6
431,6.0
297,6.3
211,5.7
18176,7.6
510,6.1
4518,6.5
1467,4.6
1550,5.8
442,5.3
100,7.3
9521,7.1
123,6.6
26,6.5
33,6.5
4348,6.3
540,6.0
176,4.3
142,6.2
718,6.5
14,6.3
88,5.2
1528,6.6
64,6.7
84,7.1
35,5.0
1263,3.8
547,5.9
8694,7.7
458,5.7
7,7.3
1654,5.2
1592,6.1
5485,6.7
343,6.5
157,6.8
53,5.4
293,6.1
1784,6.5
1209,6.8
464,6.1
3135,6.5
601,6.3
1034,6.1
26,4.8
564,5.6
49,6.8
3777,7.3
7401,4.8
1448,6.0
1041,4.7
1989,6.9
5988,7.4
771,6.6
644,5.3
1041,5.5
356,5.6
1816,6.5
709,6.4
724,6.5
620,5.6
40,5.5
10878,4.6
267,6.6
555,5.6
3588,5.1
1469,7.1
5834,6.4
935,6.8
220,2.9
544,6.3
827,6.6
11382,7.4
214,5.5
3158,3.7
10,6.9
13,6.3
67,6.1
424,6.6
62,6.6
1806,6.8
10715,7.0
952,6.4
835,6.4
218,7.3
221,6.1
146,6.5
182764,7.3
71,7.6
574,6.3
237,6.6
297,6.4
7998,7.3
1279,5.8
52,6.3
237,6.4
2126,7.2
9093,6.3
36,7.3
60,5.2
247,6.3
28,7.3
774,6.7
85,8.3
32,7.6
249,6.9
76,7.0
57,7.5
628,5.4
938,8.0
212,6.8
361,3.7
588,6.9
331,6.1
14,6.4
81,6.1
69,5.8
96674,6.6
21341,6.9
339,5.9
17,7.1
10,6.8
12100,6.9
60,5.2
14,6.6
500,5.2
17277,6.8
268,5.3
898,5.5
3515,7.0
6224,6.0
148,6.2
1703,7.2
2510,4.6
198,4.5
217,4.4
29,5.1
87,6.8
343,5.7
3978,6.8
58,6.7
262,5.2
1003,5.3
30,7.5
4209,6.8
4136,6.2
1202,6.0
2718,7.5
96,6.4
540,6.3
2138,5.9
472,6.5
785,6.2
20,2.8
510,5.7
2633,7.2
55082,6.8
7577,6.8
2255,6.9
861,5.2
184,5.0
31,5.0
600,4.7
1060,6.4
13,5.5
3725,5.4
1680,6.0
1380,5.9
173,6.9
109,6.0
9,7.1
116,6.8
500,6.3
78,7.2
1929,5.4
257,5.2
933,6.0
219,6.1
3468,7.5
493,4.4
81,6.2
2305,6.9
18536,6.7
934,6.1
293,5.3
172,6.6
413,6.4
696,7.5
1032,6.9
1302,6.3
26,7.2
3635,6.0
357,7.0
601,6.5
161,5.6
1188,6.7
41,6.6
13147,7.1
262,7.3
78,6.3
342,6.0
2405,6.6
1619,6.7
152,6.4
174,5.0
6,4.8
112,6.5
1682,6.8
103,5.6
242,4.8
175,7.1
6705,5.9
72,8.0
1020,6.1
160,5.9
23,6.4
1290,6.7
28,7.7
30,7.8
1509,6.1
50,6.2
47,5.6
39,5.8
3298,6.6
551,4.2
1343,5.9
687,5.6
404,4.8
25,7.5
1567,7.2
1514,4.6
6575,6.3
303,7.3
570,4.7
7344,7.2
92,6.8
2539,5.0
92,6.6
1335,6.6
27,6.6
8,8.5
835,6.7
8834,6.6
5930,5.8
83,7.2
61,7.2
25,6.5
1737,7.2
7601,5.8
11482,6.7
402,5.7
33,7.3
67,7.3
2008,5.4
238,7.1
130,4.3
10,6.2
1102,5.5
76,6.8
1561,5.3
2561,6.8
1222,6.4
3431,6.4
30,5.5
463,5.2
4375,6.2
1717,5.8
1341,6.0
312,6.2
1647,6.3
69,5.5
8296,7.2
1117,6.7
1128,5.8
2384,8.0
515,6.5
93,7.4
742,3.4
2887,6.5
68,6.5
748,6.8
988,6.5
481,6.9
7,5.8
1259,5.6
7100,7.0
1258,5.9
50,5.9
116,6.2
1014,7.4
9476,7.1
218,6.1
81,6.9
11824,6.6
35,5.8
4306,6.5
2855,6.2
724,5.9
3674,6.7
346,5.6
2926,4.6
49,7.4
9,7.6
3626,5.9
840,6.8
3302,5.6
143,6.0
40,7.3
521,4.2
62,6.4
2715,7.0
4832,6.7
6145,6.9
107046,8.4
294,6.7
125,7.2
4963,6.6
5,4.2
36,6.5
103,6.2
70,5.2
896,6.7
148,6.8
128,6.1
384,8.0
332,6.2
213,5.2
311,5.3
5556,7.1
1082,5.5
7936,6.5
2337,6.6
14856,6.3
70,6.5
130,6.2
1598,5.4
23566,6.4
350,4.4
33,6.8
540,6.9
1485,5.9
3326,6.2
693,6.7
26090,7.6
4743,6.6
2525,6.3
5616,7.0
62,7.0
80336,6.9
2600,5.0
51725,6.1
28631,6.5
109025,6.1
141,6.1
1684,6.5
224,6.8
754,5.8
498,5.6
11299,6.5
2354,5.9
3309,6.4
191,3.7
100,6.6
49,6.8
436,5.2
808,5.9
111,5.6
325,7.2
7,6.8
19701,7.9
131,5.2
824,6.5
77,6.5
1511,6.8
8,6.0
94,7.6
554,6.9
2682,7.1
616,6.2
71,4.7
344,7.1
346,4.8
103,8.0
4397,6.4
23960,6.0
275,6.3
301,5.8
119,5.8
47,6.2
254,3.9
2042,7.2
47,8.4
5653,6.5
27,6.1
670,4.9
1147,5.9
12,7.0
46,6.5
180,6.3
1092,4.3
22824,6.4
18,6.1
578,7.4
863,6.6
780,5.8
452,6.6
145,7.0
11,8.8
110,7.1
1637,5.9
595,5.7
140,6.1
111114,8.1
1342,6.5
215,6.1
38569,8.0
1622,6.6
22116,7.7
203,5.9
67,7.4
123,6.1
11332,7.4
1567,6.2
36,7.9
69,6.6
98,6.9
799,5.8
154,5.8
732,6.1
412,6.2
2969,6.8
262,5.2
172,7.0
39,7.6
423,6.4
1526,6.2
718,6.8
571,5.6
9228,6.8
747,5.1
212,8.0
10,7.4
3350,6.5
121,6.7
630,6.4
610,6.3
9,5.6
101,7.1
15,5.2
158,6.4
449,6.0
346,7.3
180,5.2
1035,6.8
150,6.9
595,5.8
162,6.3
278,7.0
148,5.9
27,8.0
11,8.1
242,4.8
162,2.3
310,6.3
121,5.0
751,6.4
327,6.1
974,6.6
172,4.7
2768,6.4
233,7.1
218,5.8
617,6.6
165,5.4
290,6.6
260,5.8
148,5.0
2236,6.9
2795,6.4
20,7.5
14474,7.6
87,5.9
147,7.4
537,4.8
53,7.5
15492,5.7
63,6.8
1006,7.2
376,5.7
94,5.3
831,6.3
8,6.1
9,5.6
677,5.6
289,7.2
20,8.6
552,5.5
315,5.1
602,5.9
349,6.1
102,6.7
3067,7.6
247,7.3
154,6.3
55,6.7
2617,5.9
111,6.0
208,6.8
62,6.3
456,6.0
73,6.1
1437,6.7
118,6.3
234,6.0
5783,4.7
1302,6.7
313,5.9
37,5.3
616,4.9
3073,6.4
290,5.8
1355,6.5
50,8.2
78,7.1
122,6.3
63,7.2
1157,5.9
309,6.7
445,5.9
1826,5.8
277,5.7
198,5.7
168,3.8
949,6.6
201,5.8
19809,7.4
371,6.4
5351,6.0
551,6.7
412,6.3
32664,3.6
78,6.2
3600,5.8
5,4.8
762,6.6
1025,5.7
1024,7.0
2369,6.6
679,4.6
7033,6.2
40,5.6
7,6.5
11,6.2
98,6.7
462,6.4
68,6.5
74,6.1
51,7.0
2459,6.7
25503,6.0
3599,6.3
12,6.2
1660,7.0
92,7.3
9,3.9
1348,5.4
162,6.8
27,6.3
429,6.7
10,4.9
950,7.1
97,5.4
117,6.1
427,6.2
122,5.4
296,5.6
656,5.5
196,6.2
1146,7.1
283,4.7
954,5.1
18,8.6
39,5.3
9286,4.8
2967,7.4
14,7.8
152,7.6
596,6.0
335,5.8
38,6.4
3751,5.5
22,6.1
59,7.0
681,5.4
342,5.8
112,5.6
1079,5.4
3414,7.4
276,7.1
834,7.2
3682,7.1
938,7.2
244,6.8
993,6.4
100,8.2
23,7.3
353,6.3
615,7.2
50,6.4
575,5.7
256,6.2
6325,5.6
18,6.5
124,5.6
2738,5.8
7951,6.8
3976,6.3
863,7.4
36976,7.8
461,5.2
823,6.6
9,8.0
822,6.1
17,6.2
45,6.7
648,6.8
74,6.7
31,4.5
455,5.2
42,7.1
880,7.0
4480,7.4
2705,7.1
94,5.9
117,7.3
2290,6.6
742,6.1
151,6.4
4811,5.9
724,7.1
256,5.7
109,6.3
3423,6.3
52,7.8
11246,6.4
445,6.2
520,4.9
1160,6.5
21,6.2
257,4.9
112,7.3
362,6.1
1082,5.5
357,7.0
36821,7.5
9720,5.0
1382,5.9
1314,6.5
102,6.9
1365,6.0
1101,6.4
4126,6.1
2964,7.2
3860,7.2
2059,5.4
50,6.9
39,6.8
1038,6.7
217,4.3
1831,3.7
1050,6.6
1428,5.5
22,6.7
5846,6.4
